Tytul;Cena;Lokalizacja;URL;Powierzchnia;Liczba pokoi;Rynek;Rodzaj zabudowy;Piętro;Liczba pięter;Okna;Stan wykończenia;Czynsz;Materiał budynku;Ogrzewanie;Forma własności;Dostępne od;Rok budowy;Obsługa zdalna
Ładne i kompletnie wyposażone mieszkanie 2 Pok.;249 000 ;Dąbrówki, Rybnik, śląskie;https://www.otodom.pl/pl/oferta/ladne-i-kompletnie-wyposazone-mieszkanie-2-pok-ID4esIr;44,04 m²;2;wtórny;blok;> 10;11;plastikowe;do zamieszkania;650 zł;;;;;;
II Piętro kamienicy centrum Rybnik 103 m2 !!!;399 000 ;Rybnik, Śródmieście;https://www.otodom.pl/pl/oferta/ii-pietro-kamienicy-centrum-rybnik-103-m2-ID4e7kx;103,38 m²;5;wtórny;kamienica;2;2;plastikowe;do zamieszkania;;cegła;gazowe;pełna własność;;;
54m2 po remoncie w kamiennicy Rybnik Chwałowice;159 000 ;Rybnik, śląskie;https://www.otodom.pl/pl/oferta/54m2-po-remoncie-w-kamiennicy-rybnik-chwalowice-ID4ea3f;54 m²;2;wtórny;kamienica;parter;1;plastikowe;do zamieszkania;340 zł;cegła;gazowe;pełna własność;2021-11-10;;
M4 Boguszowice Osiedle Południe;230 000 ;Rybnik, Boguszowice;https://www.otodom.pl/pl/oferta/m4-boguszowice-osiedle-poludnie-ID4cUyI;63 m²;3;wtórny;blok;2;4;plastikowe;;600 zł;;;pełna własność;;;
Mieszkanie 4 pokoje 77,17m2, bez pośredników !!!;450 986 ;ul. Sosnowa, Rybnik, śląskie;https://www.otodom.pl/pl/oferta/mieszkanie-4-pokoje-77-17m2-bez-posrednikow-ID44yNz;77,17 m²;4;pierwotny;blok;1;4;plastikowe;do remontu;;pustak;gazowe;pełna własność;;;
Apartament 3 pokoje 70,87m2- bez pośredników;421 533 ;ul. Sosnowa, Rybnik, śląskie;https://www.otodom.pl/pl/oferta/apartament-3-pokoje-70-87m2-bez-posrednikow-ID4akb7;70,87 m²;3;pierwotny;blok;2;3;plastikowe;do wykończenia;;pustak;kotłownia;pełna własność;;;
Dwa poziomy z luksusowym wyposażeniem- ul.Targowa!;590 000 ;Rybnik, Śródmieście;https://www.otodom.pl/pl/oferta/dwa-poziomy-z-luksusowym-wyposazeniem-ul-targowa-ID4d7Gc;77,40 m²;3;wtórny;apartamentowiec;1;2;plastikowe;do zamieszkania;378,42 zł;;gazowe;pełna własność;;2010;
Przestronne 3 pokojowe w kamiennicy Rybnik;224 900 ;Rybnik, śląskie;https://www.otodom.pl/pl/oferta/przestronne-3-pokojowe-w-kamiennicy-rybnik-ID4ea4x;75 m²;3;wtórny;kamienica;1;1;plastikowe;;550 zł;cegła;kotłownia;pełna własność;2021-12-31;;
M4 w Boguszowicach na II piętrze !!;228 000 ;Rybnik, Boguszowice;https://www.otodom.pl/pl/oferta/m4-w-boguszowicach-na-ii-pietrze-ID4ex1x;61,14 m²;3;wtórny;blok;2;4;plastikowe;do remontu;627 zł;;miejskie;pełna własność;;;
***Przestronne mieszkanie na niewielkim osiedlu***;448 000 ;Rybnik, Ligota;https://www.otodom.pl/pl/oferta/przestronne-mieszkanie-na-niewielkim-osiedlu-ID4evXC;90 m²;3;wtórny;apartamentowiec;parter;;plastikowe;do zamieszkania;;;gazowe;pełna własność;;;
3 pokojowe mieszkanie ul. Krupińskiego;245 000 ;Rybnik, śląskie;https://www.otodom.pl/pl/oferta/3-pokojowe-mieszkanie-ul-krupinskiego-ID4eqmb;59,33 m²;3;wtórny;blok;2;;plastikowe;;;;;;;;
M-3 ścisłe centrum miasta ul. Chalotta;199 000 ;Rybnik, śląskie;https://www.otodom.pl/pl/oferta/m-3-scisle-centrum-miasta-ul-chalotta-ID4emJq;38,50 m²;2;wtórny;;9;10;plastikowe;;;;;;;;
M-4 Rybnik ul. Wawelska;238 000 ;Rybnik, śląskie;https://www.otodom.pl/pl/oferta/m-4-rybnik-ul-wawelska-ID4dirR;59,40 m²;3;wtórny;blok;parter;10;plastikowe;;550 zł;wielka płyta;miejskie;pełna własność;;1970;Tak
M-4 Rybnik;250 000 ;Rybnik, śląskie;https://www.otodom.pl/pl/oferta/m-4-rybnik-ID4cLrR;60 m²;3;wtórny;blok;2;4;plastikowe;do zamieszkania;600 zł;;miejskie;pełna własność;;;
M3 po generalnym remoncie-Boguszowice;199 000 ;Rybnik, Boguszowice;https://www.otodom.pl/pl/oferta/m3-po-generalnym-remoncie-boguszowice-ID4evMG;39 m²;2;wtórny;kamienica;1;2;plastikowe;do zamieszkania;290 zł;;;;;1;
Rybnik Raciborska - 5 pokojowe mieszkanie 330 tys;330 000 ;Rybnik, Śródmieście, ul. Raciborska;https://www.otodom.pl/pl/oferta/rybnik-raciborska-5-pokojowe-mieszkanie-330-tys-ID4edN5;85 m²;5;wtórny;blok;2;4;plastikowe;do zamieszkania;900 zł;;miejskie;spółdzielcze własnościowe;2022-01-31;;Tak
Nowoczesne mieszkanie w loftowym stylu!;264 990 ;Rybnik, Niedobczyce, ul. Hetmańska;https://www.otodom.pl/pl/oferta/nowoczesne-mieszkanie-w-loftowym-stylu-ID4epRu;37,13 m²;2;wtórny;blok;parter;3;plastikowe;do zamieszkania;290 zł;wielka płyta;elektryczne;pełna własność;;;
Duże mieszkanie na Manhattanie od marca 2022;269 000 ;Rybnik, Boguszowice;https://www.otodom.pl/pl/oferta/duze-mieszkanie-na-manhattanie-od-marca-2022-ID4eoIp;62,38 m²;3;wtórny;blok;2;4;plastikowe;do zamieszkania;;;;pełna własność;;;
Mieszkanie z ogródkiem i z indywidualnym wejściem;349 000 ;Rybnik, śląskie;https://www.otodom.pl/pl/oferta/mieszkanie-z-ogrodkiem-i-z-indywidualnym-wejsciem-ID4dU4X;57,69 m²;3;wtórny;kamienica;parter;1;;do zamieszkania;;;;pełna własność;;;
M4 z poddaszem, dwoma łazienkami i ogródkiem;329 000 ;Rybnik, śląskie;https://www.otodom.pl/pl/oferta/m4-z-poddaszem-dwoma-lazienkami-i-ogrodkiem-ID4dWGm;57,50 m²;4;wtórny;kamienica;parter;2;plastikowe;do zamieszkania;500 zł;;;pełna własność;;;
2 pokoje, balkon, Wawelska;235 000 ;Rybnik, Maroko-Nowiny;https://www.otodom.pl/pl/oferta/2-pokoje-balkon-wawelska-ID4dmz5;46,20 m²;2;wtórny;;6;10;plastikowe;;;;miejskie;pełna własność;;;
Nowe bezczynszowe, Ostatnie 3 !!!;299 000 ;Rybnik, Boguszowice;https://www.otodom.pl/pl/oferta/nowe-bezczynszowe-ostatnie-3-ID4cHjF;64,55 m²;3;wtórny;apartamentowiec;1;3;plastikowe;do wykończenia;;;;pełna własność;;;
Uwaga to ostatni apartament 2 pokojowy;249 900 ;Rybnik, Boguszowice;https://www.otodom.pl/pl/oferta/uwaga-to-ostatni-apartament-2-pokojowy-ID4cHKS;46,63 m²;2;pierwotny;blok;parter;3;plastikowe;do wykończenia;;;;pełna własność;;;
Apartament z podwójnym tarasem 70 m2;369 900 ;Rybnik, śląskie;https://www.otodom.pl/pl/oferta/apartament-z-podwojnym-tarasem-70-m2-ID43Icf;69,89 m²;3;wtórny;;1;1;plastikowe;;;;;udział;;2019;
Apartament - parter ze słonecznym ogrodem - 158m2;379 900 ;Rybnik, śląskie;https://www.otodom.pl/pl/oferta/apartament-parter-ze-slonecznym-ogrodem-158m2-ID4aVeI;58,45 m²;3;wtórny;;parter;1;plastikowe;;200 zł;;;udział;;2021;
Bezpośrednio Nowoczesne M3 blisko Centrum +Balkon;215 000 ;ul. Chabrowa, Rybnik, śląskie;https://www.otodom.pl/pl/oferta/bezposrednio-nowoczesne-m3-blisko-centrum-balkon-ID4etpL;37 m²;3;wtórny;blok;3;10;plastikowe;do zamieszkania;;wielka płyta;miejskie;pełna własność;;;
Komfortowe Apartamenty bezczynszowe -Już dostępne!;299 900 ;Rybnik, Boguszowice;https://www.otodom.pl/pl/oferta/komfortowe-apartamenty-bezczynszowe-juz-dostepne-ID4bCyi;65,63 m²;3;pierwotny;apartamentowiec;;;plastikowe;do wykończenia;;pustak;gazowe;pełna własność;;2021;
Mieszkanie w Boguszowicach do własnej aranżacji !!;115 000 ;Rybnik, Boguszowice;https://www.otodom.pl/pl/oferta/mieszkanie-w-boguszowicach-do-wlasnej-aranzacji-ID4euUG;30 m²;2;wtórny;blok;3;4;plastikowe;do remontu;415 zł;;miejskie;spółdzielcze własnościowe;;;
Mieszkanie 59,86m2, bez pośredników !!!;363 757 ;ul. Sosnowa, Rybnik, śląskie;https://www.otodom.pl/pl/oferta/mieszkanie-59-86m2-bez-posrednikow-ID44yOc;59,86 m²;3;pierwotny;blok;2;3;plastikowe;;;pustak;gazowe;pełna własność;;;
Nowe mieszkanie 39,8m2, bez pośredników!!!;254 720 ;ul. Sosnowa, Rybnik, śląskie;https://www.otodom.pl/pl/oferta/nowe-mieszkanie-39-8m2-bez-posrednikow-ID47dWp;39,80 m²;2;pierwotny;blok;parter;3;plastikowe;do wykończenia;;pustak;kotłownia;pełna własność;;;
Wyremontowane M4 o pow 61 m2, Rybnik Wandy;269 000 ;Wandy, Rybnik, śląskie;https://www.otodom.pl/pl/oferta/wyremontowane-m4-o-pow-61-m2-rybnik-wandy-ID4euav;61,10 m²;3;wtórny;blok;7;10;;do zamieszkania;;wielka płyta;miejskie;;;1980;
Niska cena - Nowe M4, spokojna okolica/0%PROW./PCC;369 000 ;Rybnik, Zamysłów;https://www.otodom.pl/pl/oferta/niska-cena-nowe-m4-spokojna-okolica-0-prow-pcc-ID4etWl;73,55 m²;3;pierwotny;apartamentowiec;1;1;drewniane;do wykończenia;;;gazowe;pełna własność;;2021;Tak
Dwupokojowe mieszkanie Rybnik Nowiny;190 000 ;Rybnik, Maroko-Nowiny;https://www.otodom.pl/pl/oferta/dwupokojowe-mieszkanie-rybnik-nowiny-ID4etTq;48,90 m²;2;wtórny;blok;3;10;plastikowe;do remontu;550 zł;wielka płyta;miejskie;spółdzielcze własnościowe;;1980;
Nowe M4 - spokojna okolica - 0%PROWIZJI 0%PCC;379 900 ;Rybnik, Zamysłów;https://www.otodom.pl/pl/oferta/nowe-m4-spokojna-okolica-0-prowizji-0-pcc-ID4etRi;58,45 m²;3;pierwotny;apartamentowiec;parter;1;plastikowe;do wykończenia;;;gazowe;pełna własność;;2021;Tak
Mieszkanie, 62,98 m², Rybnik;325 000 ;Rybnik, śląskie;https://www.otodom.pl/pl/oferta/mieszkanie-62-98-m-rybnik-ID4etPs;62,98 m²;3;wtórny;blok;5;10;plastikowe;do zamieszkania;;;miejskie;;;1970;
Nowe M4 z ogródkiem, blisko centrum 0%PROWIZJI/PCC;430 355 ;Rybnik, Smolna;https://www.otodom.pl/pl/oferta/nowe-m4-z-ogrodkiem-blisko-centrum-0-prowizji-pcc-ID4etOR;70,55 m²;3;pierwotny;apartamentowiec;parter;2;plastikowe;do wykończenia;;;gazowe;pełna własność;;2021;Tak
Nowe, ustawne M4 z ogródkiem - 0% PROWIZJI / 0%PCC;400 000 ;Rybnik, Zamysłów;https://www.otodom.pl/pl/oferta/nowe-ustawne-m4-z-ogrodkiem-0-prowizji-0-pcc-ID4etN2;74,90 m²;3;pierwotny;apartamentowiec;parter;1;plastikowe;do wykończenia;;;gazowe;pełna własność;;2021;Tak
187m2, 2poziomy, 2łazienki, 2garaże, 6pokoi,ogród;790 000 ;Rybnik, Śródmieście;https://www.otodom.pl/pl/oferta/187m2-2poziomy-2lazienki-2garaze-6pokoi-ogrod-ID4dJq8;186,90 m²;6;wtórny;dom wolnostojący;;;;;;cegła;;pełna własność;;;
Mieszkanie 2 pokojowe na 2 piętrze .;199 999 ;Rybnik, Chwałowice, ul. Górnicza;https://www.otodom.pl/pl/oferta/mieszkanie-2-pokojowe-na-2-pietrze-ID4etCo;46,85 m²;2;wtórny;blok;2;4;plastikowe;do zamieszkania;580 zł;cegła;miejskie;spółdzielcze wł. z KW;;;
Rezerwacja. M5 Św. Józefa, II piętro;277 000 ;Rybnik, śląskie;https://www.otodom.pl/pl/oferta/rezerwacja-m5-sw-jozefa-ii-pietro-ID4edW3;72,83 m²;4;wtórny;blok;2;10;plastikowe;;800 zł;;miejskie;;;;
Przytulne M3 blisko Centrum w spokojnej okolicy;195 000 ;Rybnik, Smolna;https://www.otodom.pl/pl/oferta/przytulne-m3-blisko-centrum-w-spokojnej-okolicy-ID4etsI;46,50 m²;2;wtórny;blok;parter;4;plastikowe;;;;miejskie;pełna własność;;;
Mieszkanie z dużym potencjałem.;165 000 ;Obrońców Pokoju, Rybnik, śląskie;https://www.otodom.pl/pl/oferta/mieszkanie-z-duzym-potencjalem-ID4cnIF;69,29 m²;2;wtórny;;1;1;plastikowe;do zamieszkania;;;;;;;
Umeblowane M-4 na Nowinach.;249 000 ;Rybnik, Maroko-Nowiny;https://www.otodom.pl/pl/oferta/umeblowane-m-4-na-nowinach-ID4eszS;55,70 m²;3;wtórny;blok;10;10;;do zamieszkania;650 zł;wielka płyta;miejskie;spółdzielcze własnościowe;;1978;
Mieszkanie 54 m2 Rybnik Boguszowice;279 990 ;Lompy, Rybnik, śląskie;https://www.otodom.pl/pl/oferta/mieszkanie-54-m2-rybnik-boguszowice-ID4eswK;54 m²;2;wtórny;blok;parter;3;;do zamieszkania;;wielka płyta;gazowe;;;1984;
*** Nowe mieszkanie 70,55 m2 z tarasem, 3 pokoje *;444 465 ;Rybnik, Zamysłów, ul. Zamysłowska;https://www.otodom.pl/pl/oferta/nowe-mieszkanie-70-55-m2-z-tarasem-3-pokoje-ID45AzR;70,55 m²;3;pierwotny;apartamentowiec;1;2;plastikowe;do wykończenia;;pustak;gazowe;pełna własność;;2021;
*** Nowe mieszkanie 70,55 m2 z tarasem, 3 pokoje *;437 410 ;Rybnik, Zamysłów, ul. Zamysłowska;https://www.otodom.pl/pl/oferta/nowe-mieszkanie-70-55-m2-z-tarasem-3-pokoje-ID45AAc;70,55 m²;3;pierwotny;apartamentowiec;2;2;plastikowe;do wykończenia;;pustak;gazowe;pełna własność;;2021;
Mieszkanie, 114 m², Rybnik;650 000 ;Rybnik, Popielów;https://www.otodom.pl/pl/oferta/mieszkanie-114-m-rybnik-ID4dP7u;114 m²;5;wtórny;apartamentowiec;1;1;plastikowe;do zamieszkania;;pustak;gazowe;pełna własność;2021-10-14;2021;
*Przytulne 2-pokojowe mieszkanie* Os. Dąbrówki!*;179 900 ;Rybnik, śląskie;https://www.otodom.pl/pl/oferta/przytulne-2-pokojowe-mieszkanie-os-dabrowki-ID4dNk9;29,05 m²;2;wtórny;blok;1;10;plastikowe;do zamieszkania;400 zł;wielka płyta;miejskie;spółdzielcze własnościowe;;;
3 pokojowe mieszkanie z dużym balkonem, Rybnik;269 000 ;Orzepowicka, Rybnik, śląskie;https://www.otodom.pl/pl/oferta/3-pokojowe-mieszkanie-z-duzym-balkonem-rybnik-ID4erDH;57,94 m²;3;wtórny;blok;2;10;;do remontu;;wielka płyta;miejskie;;;1980;
Mieszkanie Rybnik 3 pokoje balkon, wyremontowane;290 000 ;Rybnik, śląskie;https://www.otodom.pl/pl/oferta/mieszkanie-rybnik-3-pokoje-balkon-wyremontowane-ID4eey9;48,90 m²;3;wtórny;;;;;;;;;;;;
NOWE Bezczynszowe MIESZKANIE / Gotowe do ODBIORU !;369 900 ;Rybnik, Niedobczyce, ul. Stanisława Leszczyńskiego;https://www.otodom.pl/pl/oferta/nowe-bezczynszowe-mieszkanie-gotowe-do-odbioru-ID4dAvF;69,89 m²;3;pierwotny;szeregowiec;2;2;plastikowe;do wykończenia;;pustak;gazowe;pełna własność;;2021;Tak
2 pokoje, PARK,10 min.od Rynku, nowe, urządzone;Zapytaj o ce;Rybnik, Meksyk, ul. Parkowa 2;https://www.otodom.pl/pl/oferta/2-pokoje-park-10-min-od-rynku-nowe-urzadzone-ID4eqPJ;37 m²;2;pierwotny;blok;2;3;plastikowe;do zamieszkania;149 zł;;miejskie;pełna własność;;;Tak
Okazja dla inwestora.;102 000 ;Rybnik, Niewiadom Górny;https://www.otodom.pl/pl/oferta/okazja-dla-inwestora-ID4e60z;30 m²;1;wtórny;blok;1;2;;do remontu;;cegła;miejskie;spółdzielcze wł. z KW;;;
Przestronne M-4 typu szwedzkiego!;269 900 ;Rybnik, Maroko-Nowiny;https://www.otodom.pl/pl/oferta/przestronne-m-4-typu-szwedzkiego-ID4dZZD;61,10 m²;3;wtórny;blok;5;11;plastikowe;do zamieszkania;700 zł;wielka płyta;miejskie;spółdzielcze własnościowe;2022-09-01;;
*M-3 do wprowadzenia - z pełnym wyposażeniem*;295 000 ;Rybnik, Maroko-Nowiny;https://www.otodom.pl/pl/oferta/m-3-do-wprowadzenia-z-pelnym-wyposazeniem-ID4eiCP;53 m²;2;wtórny;blok;1;4;plastikowe;do zamieszkania;570 zł;wielka płyta;miejskie;spółdzielcze własnościowe;;;
*Rozkładowe M-2 z dużą kuchnią - od zaraz!*;149 900 ;Rybnik, śląskie;https://www.otodom.pl/pl/oferta/rozkladowe-m-2-z-duza-kuchnia-od-zaraz-ID4e7yS;29 m²;1;wtórny;blok;1;;plastikowe;do zamieszkania;400 zł;;miejskie;spółdzielcze własnościowe;;;
Kawalerka z balkonem na pierwszym piętrze, Rybnik;149 000 ;Pukowca, Rybnik, śląskie;https://www.otodom.pl/pl/oferta/kawalerka-z-balkonem-na-pierwszym-pietrze-rybnik-ID4e3Fj;28,80 m²;1;wtórny;blok;1;3;;do zamieszkania;;cegła;miejskie;;;1970;
Dwupokojowe mieszkanie po Kapitalnym remoncie 40m2;195 000 ;Obrońców Pokoju, Rybnik, śląskie;https://www.otodom.pl/pl/oferta/dwupokojowe-mieszkanie-po-kapitalnym-remoncie-40m2-ID4dS4f;39,97 m²;2;wtórny;kamienica;1;1;;do zamieszkania;;cegła;miejskie;;;1945;
Nowa Cena ! Wyremontowane M3 - Rybnik, Górnicza;179 900 ;Górnicza, Rybnik, śląskie;https://www.otodom.pl/pl/oferta/nowa-cena-wyremontowane-m3-rybnik-gornicza-ID4ddvX;38 m²;2;wtórny;blok;3;4;;do zamieszkania;;cegła;miejskie;;;1970;
Przestronne M6 o pow 115 m2 - Rybnik Wawelska;289 000 ;Wawelska, Rybnik, śląskie;https://www.otodom.pl/pl/oferta/przestronne-m6-o-pow-115-m2-rybnik-wawelska-ID4dO4K;115 m²;5;wtórny;blok;> 10;11;;do zamieszkania;;wielka płyta;miejskie;;;1980;
M5 o pow 100 m2 w ścisłym centrum Rybnika !;489 990 ;Hallera, Rybnik, śląskie;https://www.otodom.pl/pl/oferta/m5-o-pow-100-m2-w-scislym-centrum-rybnika-ID4dAwk;98,50 m²;4;wtórny;kamienica;2;2;;do zamieszkania;;cegła;gazowe;;;1890;
Apartament na parterze z Ogrodem, Rybnik Piaski;429 000 ;Ptasia, Rybnik, śląskie;https://www.otodom.pl/pl/oferta/apartament-na-parterze-z-ogrodem-rybnik-piaski-ID4dPKl;75,78 m²;3;wtórny;blok;parter;2;;do zamieszkania;;pustak;gazowe;;;2009;
Wyremontowane mieszkanie na I piętrze, Rybnik;179 000 ;Morcinka, Rybnik, śląskie;https://www.otodom.pl/pl/oferta/wyremontowane-mieszkanie-na-i-pietrze-rybnik-ID4emOQ;38 m²;2;wtórny;blok;1;4;;do zamieszkania;;wielka płyta;miejskie;;;1980;
M4 po remoncie z dużym Tarasem 62 m2, Rybnik;275 000 ;Osiedle Południe, Rybnik, śląskie;https://www.otodom.pl/pl/oferta/m4-po-remoncie-z-duzym-tarasem-62-m2-rybnik-ID4elxS;62,23 m²;3;wtórny;blok;2;3;;do zamieszkania;;wielka płyta;miejskie;;;1980;
*** Nowe mieszkanie 70,55 m2 z ogrodem, 3 pokoje *;430 355 ;Rybnik, Zamysłów, ul. Zamysłowska;https://www.otodom.pl/pl/oferta/nowe-mieszkanie-70-55-m2-z-ogrodem-3-pokoje-ID45Azu;70,55 m²;3;pierwotny;apartamentowiec;parter;2;plastikowe;do wykończenia;;pustak;gazowe;pełna własność;;2021;
Atrakcyjnie położona kawalerka dostępna od zaraz;185 000 ;Rybnik, Maroko-Nowiny;https://www.otodom.pl/pl/oferta/atrakcyjnie-polozona-kawalerka-dostepna-od-zaraz-ID4edhH;32,70 m²;1;wtórny;blok;8;10;plastikowe;do zamieszkania;420 zł;wielka płyta;miejskie;spółdzielcze wł. z KW;;1980;
M-3 przerobione na M-4, Boguszowice Osiedle;210 000 ;Rybnik, Boguszowice;https://www.otodom.pl/pl/oferta/m-3-przerobione-na-m-4-boguszowice-osiedle-ID4epLu;46,80 m²;3;wtórny;blok;4;4;plastikowe;do zamieszkania;640 zł;;miejskie;pełna własność;2022-07-01;;
Dwupoziomowe- 3 sypialnie, 2 łazienki i duży ogród;540 000 ;Rybnik, Ligota;https://www.otodom.pl/pl/oferta/dwupoziomowe-3-sypialnie-2-lazienki-i-duzy-ogrod-ID4dQKj;98 m²;4;pierwotny;apartamentowiec;parter;;plastikowe;do wykończenia;;beton komórkowy;gazowe;pełna własność;;;
Osiedle SŁONECZNE TARASY - Nowe MIESZKANIE 58-122m;349 900 ;Rybnik, Niedobczyce, ul. Stanisława Leszczyńskiego;https://www.otodom.pl/pl/oferta/osiedle-sloneczne-tarasy-nowe-mieszkanie-58-122m-ID4a7cG;63,35 m²;3;pierwotny;apartamentowiec;1;1;plastikowe;do wykończenia;;pustak;gazowe;pełna własność;;2021;Tak
Osiedle SŁONECZNE TARASY - Mieszkanie z OGRODEM 58;379 900 ;Rybnik, Niedobczyce, ul. Stanisława Leszczyńskiego;https://www.otodom.pl/pl/oferta/osiedle-sloneczne-tarasy-mieszkanie-z-ogrodem-58-ID4aDFq;58,45 m²;3;pierwotny;apartamentowiec;parter;1;plastikowe;do wykończenia;;pustak;gazowe;pełna własność;;2021;Tak
Apartament Lux Zamysłów Rybnik;530 000 ;Rybnik, Zamysłów;https://www.otodom.pl/pl/oferta/apartament-lux-zamyslow-rybnik-ID4eoJ0;55 m²;3;wtórny;apartamentowiec;parter;2;plastikowe;do zamieszkania;;;;;;2021;
1106-WH***Wyremontowane M-3 w Rybniku***;169 000 ;Rybnik, Chwałowice;https://www.otodom.pl/pl/oferta/1106-whwyremontowane-m-3-w-rybniku-ID4eoAd;37 m²;2;wtórny;kamienica;1;;plastikowe;do zamieszkania;280 zł;;gazowe;pełna własność;;;
**0% prowizji! M-3 z ogródkiem po remoncie!**;195 000 ;Rybnik, Niedobczyce;https://www.otodom.pl/pl/oferta/0-prowizji-m-3-z-ogrodkiem-po-remoncie-ID4dXF5;40 m²;2;wtórny;blok;1;1;plastikowe;do zamieszkania;500 zł;cegła;miejskie;pełna własność;;;
Rybnik spółdzielcze własnościowe prawo do lokalu;161 600 ;Rybnik, Maroko-Nowiny;https://www.otodom.pl/pl/oferta/rybnik-spoldzielcze-wlasnosciowe-prawo-do-lokalu-ID4dBA4;55,70 m²;3;wtórny;blok;8;10;plastikowe;do zamieszkania;;wielka płyta;miejskie;spółdzielcze własnościowe;;;
Mieszkanie 2 pokoje 44,1m2, bez pośredników !!!;285 190 ;Rybnik, Paruszowiec;https://www.otodom.pl/pl/oferta/mieszkanie-2-pokoje-44-1m2-bez-posrednikow-ID4eo6C;44,10 m²;2;pierwotny;blok;3;3;plastikowe;do wykończenia;;pustak;gazowe;pełna własność;;;
PO GENARALNYM REMONCIE .super lokalizacja;199 000 ;Rybnik, Boguszowice;https://www.otodom.pl/pl/oferta/po-genaralnym-remoncie-super-lokalizacja-ID4enKK;39 m²;2;wtórny;;1;2;plastikowe;do zamieszkania;290 zł;cegła;inne;pełna własność;;;
Sprzedam ustawne mieszkanie w pobliżu centrum;295 000 ;Rybnik, Smolna;https://www.otodom.pl/pl/oferta/sprzedam-ustawne-mieszkanie-w-poblizu-centrum-ID4enT1;64 m²;3;wtórny;blok;2;9;plastikowe;;790 zł;;miejskie;spółdzielcze własnościowe;;;
M-4 Rybnik - Nowiny przy ul. Orzepowickiej;249 000 ;Rybnik, Maroko-Nowiny, ul. Orzepowicka;https://www.otodom.pl/pl/oferta/m-4-rybnik-nowiny-przy-ul-orzepowickiej-ID4eeOQ;55,70 m²;3;wtórny;blok;10;10;plastikowe;do zamieszkania;580 zł;;miejskie;spółdzielcze własnościowe;;;
Nowoczesny Apartament w Centrum Rybnika;300 000 ;Rybnik, Śródmieście, Tęczowa;https://www.otodom.pl/pl/oferta/nowoczesny-apartament-w-centrum-rybnika-ID4emWh;60 m²;2;wtórny;blok;4;4;plastikowe;do zamieszkania;870 zł;cegła;miejskie;;;;
M3 1 piętro 48 mkw Rybnik Smolna;345 000 ;Rybnik, Smolna, ul. Lektorska;https://www.otodom.pl/pl/oferta/m3-1-pietro-48-mkw-rybnik-smolna-ID4bJNV;48 m²;3;pierwotny;apartamentowiec;1;2;plastikowe;do wykończenia;180 zł;pustak;gazowe;pełna własność;2022-12-31;2021;
W pełni wyposażone dwupokojowe mieszkanie Rybnik;297 000 ;Rybnik, Maroko-Nowiny;https://www.otodom.pl/pl/oferta/w-pelni-wyposazone-dwupokojowe-mieszkanie-rybnik-ID4emxt;53 m²;2;wtórny;blok;1;4;;;;;miejskie;;;;
Umeblowane M-4 na 1 piętrze w niskim bloku!!;305 000 ;Rybnik, śląskie;https://www.otodom.pl/pl/oferta/umeblowane-m-4-na-1-pietrze-w-niskim-bloku-ID4emsC;53 m²;3;wtórny;blok;1;4;;do zamieszkania;;;;;;;
Rewelacyjne mieszkanie dwupokojowe Rybnik!;297 000 ;Rybnik, śląskie;https://www.otodom.pl/pl/oferta/rewelacyjne-mieszkanie-dwupokojowe-rybnik-ID4embS;53 m²;2;wtórny;blok;1;;plastikowe;do zamieszkania;570 zł;wielka płyta;miejskie;spółdzielcze wł. z KW;;;
Duże mieszkanie, 4 pokoje, kuchnia z jadalnią, 98.;250 000 ;Rybnik, Maroko-Nowiny;https://www.otodom.pl/pl/oferta/duze-mieszkanie-4-pokoje-kuchnia-z-jadalnia-98-ID4embd;98,20 m²;4;wtórny;blok;> 10;11;;;;wielka płyta;miejskie;pełna własność;;;
2 pokoje, gotowe do wprowadzenia, 10 min. od rynku;309 000 ;Rybnik, Śródmieście;https://www.otodom.pl/pl/oferta/2-pokoje-gotowe-do-wprowadzenia-10-min-od-rynku-ID4elUK;53 m²;2;wtórny;blok;1;4;plastikowe;do zamieszkania;476 zł;;;spółdzielcze własnościowe;;1;
Duże, atrakcyjne mieszkanie Rybnik Nowiny;430 000 ;Rybnik, Maroko-Nowiny;https://www.otodom.pl/pl/oferta/duze-atrakcyjne-mieszkanie-rybnik-nowiny-ID4elws;75,40 m²;3;wtórny;blok;6;11;;;;;miejskie;spółdzielcze wł. z KW;;;
M-2 gotowe do wprowadzenia - Nowiny;189 000 ;Rybnik, Maroko-Nowiny;https://www.otodom.pl/pl/oferta/m-2-gotowe-do-wprowadzenia-nowiny-ID4elgo;33,20 m²;1;wtórny;blok;8;10;plastikowe;do zamieszkania;400 zł;;;spółdzielcze wł. z KW;;;
Umeblowany apartament z ogródkiem i tarasem!!;549 000 ;Rybnik, Smolna;https://www.otodom.pl/pl/oferta/umeblowany-apartament-z-ogrodkiem-i-tarasem-ID4el1M;81 m²;3;wtórny;apartamentowiec;parter;1;;;;;;;;;
M4 na drugim piętrze 60 m2 - Do Zamieszkania !;269 000 ;Sztolniowa, Rybnik, śląskie;https://www.otodom.pl/pl/oferta/m4-na-drugim-pietrze-60-m2-do-zamieszkania-ID4ekrw;60,38 m²;3;wtórny;blok;2;4;;do zamieszkania;;wielka płyta;miejskie;;;1980;
*M-3 wysoki standard! Do wprowadzenia od zaraz!;254 900 ;Rybnik, śląskie;https://www.otodom.pl/pl/oferta/m-3-wysoki-standard-do-wprowadzenia-od-zaraz-ID4ekcR;39 m²;2;wtórny;blok;1;1;plastikowe;;400 zł;;;pełna własność;;1980;
M-3 Rybnik Boguszowice;149 000 ;Rybnik, Boguszowice;https://www.otodom.pl/pl/oferta/m-3-rybnik-boguszowice-ID4ejXZ;38 m²;2;wtórny;blok;3;4;plastikowe;;450 zł;wielka płyta;gazowe;pełna własność;;;
Sprzedam Duże M3;280 000 ;Rybnik, Boguszowice;https://www.otodom.pl/pl/oferta/sprzedam-duze-m3-ID4ejWk;54 m²;2;wtórny;blok;1;4;plastikowe;do zamieszkania;;cegła;gazowe;;;;
Nowoczesne M-3 z garderobą w Rybniku!;254 900 ;Rybnik, śląskie;https://www.otodom.pl/pl/oferta/nowoczesne-m-3-z-garderoba-w-rybniku-ID4ejF7;39 m²;2;wtórny;blok;1;2;;;;;miejskie;;;;
Mieszkanie w centrum z widokiem na park!;285 000 ;Rybnik, śląskie;https://www.otodom.pl/pl/oferta/mieszkanie-w-centrum-z-widokiem-na-park-ID4e9P2;64,50 m²;4;wtórny;;2;;plastikowe;;;;;spółdzielcze własnościowe;2022-01-01;;
Rezerwacja!Mieszkanie M3 5p. Wawelska Rybnik;219 900 ;Rybnik, śląskie;https://www.otodom.pl/pl/oferta/rezerwacja-mieszkanie-m3-5p-wawelska-rybnik-ID4cJ3H;46,20 m²;2;wtórny;blok;5;10;plastikowe;do zamieszkania;;beton komórkowy;miejskie;pełna własność;;1980;
Rybnik ul.św.Józefa;210 000 ;ul. św. Józefa, Rybnik, śląskie;https://www.otodom.pl/pl/oferta/rybnik-ul-sw-jozefa-ID4cZEp;45,90 m²;3;wtórny;blok;10;10;plastikowe;do zamieszkania;537 zł;wielka płyta;miejskie;spółdzielcze wł. z KW;;;Tak
M5 na parterze 63,6 m2, Rybnicka Kuźnia;289 900 ;Mglista, Rybnik, śląskie;https://www.otodom.pl/pl/oferta/m5-na-parterze-63-6-m2-rybnicka-kuznia-ID4eilu;63,60 m²;4;wtórny;blok;parter;3;;do remontu;;wielka płyta;miejskie;;;1980;
Mieszkanie, 67 m², Rybnik;530 000 ;Rybnik, Ligota;https://www.otodom.pl/pl/oferta/mieszkanie-67-m-rybnik-ID4eihf;67 m²;3;pierwotny;;parter;1;plastikowe;do wykończenia;;;;;;;
M-3 os. Południe;184 999 ;Rybnik, Boguszowice;https://www.otodom.pl/pl/oferta/m-3-os-poludnie-ID4e617;48 m²;2;wtórny;blok;parter;4;plastikowe;do wykończenia;550 zł;;miejskie;spółdzielcze wł. z KW;;;
Apartament Dwupoziomowy z ogrodem ! 123 m2, Rybnik;449 000 ;Gliwicka, Rybnik, śląskie;https://www.otodom.pl/pl/oferta/apartament-dwupoziomowy-z-ogrodem-123-m2-rybnik-ID4eibR;123,01 m²;6;wtórny;blok;parter;1;;do wykończenia;;cegła;elektryczne;;;1945;
3 Pokoje z balkonem w zielonej i cichej dzielnicy;429 865 ;Rybnik, Paruszowiec;https://www.otodom.pl/pl/oferta/3-pokoje-z-balkonem-w-zielonej-i-cichej-dzielnicy-ID4cRku;72,90 m²;3;pierwotny;apartamentowiec;1;3;plastikowe;do wykończenia;;;;;;;
3 Pokoje z ogródkiem w zielonej i cichej dzielnicy;381 600 ;Rybnik, Paruszowiec;https://www.otodom.pl/pl/oferta/3-pokoje-z-ogrodkiem-w-zielonej-i-cichej-dzielnicy-ID4cRkr;60 m²;3;pierwotny;apartamentowiec;parter;3;plastikowe;do wykończenia;;;;;;;
Dwupoziomowy apartament na obrzeżach Rybnika - Hit;279 000 ;Rybnik, Popielów;https://www.otodom.pl/pl/oferta/dwupoziomowy-apartament-na-obrzezach-rybnika-hit-ID4dIyi;54,60 m²;4;wtórny;apartamentowiec;2;2;drewniane;;250 zł;;;pełna własność;;2015;
Apartament w pełni wyposażony;495 000 ;Rybnik, Paruszowiec;https://www.otodom.pl/pl/oferta/apartament-w-pelni-wyposazony-ID4ehRa;86 m²;3;wtórny;szeregowiec;3;2;plastikowe;do zamieszkania;;beton komórkowy;gazowe;pełna własność;;2012;
Dwupoziomowy apartament z ogrodem po Remoncie !;449 000 ;Gliwicka, Rybnik, śląskie;https://www.otodom.pl/pl/oferta/dwupoziomowy-apartament-z-ogrodem-po-remoncie-ID4dxfU;101,57 m²;3;wtórny;blok;parter;1;;do zamieszkania;;cegła;elektryczne;;;1945;
Mieszkanie po remoncie, CENTRUM, jasne, ciepłe;295 000 ;Rybnik, Śródmieście, ul. Raciborska 62;https://www.otodom.pl/pl/oferta/mieszkanie-po-remoncie-centrum-jasne-cieple-ID4egyO;53 m²;2;wtórny;;1;4;plastikowe;do remontu;570 zł;wielka płyta;miejskie;spółdzielcze własnościowe;;;Tak
Rewelacyjna kawalerka w Rybniku;189 000 ;Rybnik, śląskie;https://www.otodom.pl/pl/oferta/rewelacyjna-kawalerka-w-rybniku-ID4eg84;33,20 m²;1;wtórny;blok;8;10;;do zamieszkania;380 zł;;miejskie;;;1987;
*M-4 Ścisłe Centrum! Do wprowadzenia!*;269 000 ;Rybnik, śląskie;https://www.otodom.pl/pl/oferta/m-4-scisle-centrum-do-wprowadzenia-ID4ea7A;47,63 m²;3;wtórny;blok;9;10;plastikowe;do zamieszkania;500 zł;wielka płyta;miejskie;spółdzielcze wł. z KW;2021-12-31;;
Przestronne M-4 w Rybniku- Boguszowicach;269 000 ;Rybnik, Boguszowice;https://www.otodom.pl/pl/oferta/przestronne-m-4-w-rybniku-boguszowicach-ID4eg3Y;60 m²;3;wtórny;blok;2;4;;do zamieszkania;;;;pełna własność;;;
Kawalerka do remontu Rybnik - Niewiadom!;105 000 ;Rybnik, śląskie;https://www.otodom.pl/pl/oferta/kawalerka-do-remontu-rybnik-niewiadom-ID4eg3s;29 m²;1;wtórny;blok;1;;plastikowe;do remontu;450 zł;wielka płyta;miejskie;spółdzielcze wł. z KW;;;
Nowa inwestycja - Apartament M4 z widokiem na las;351 000 ;Rybnik, Gotartowice;https://www.otodom.pl/pl/oferta/nowa-inwestycja-apartament-m4-z-widokiem-na-las-ID4e758;51 m²;3;pierwotny;apartamentowiec;parter;2;plastikowe;do wykończenia;;pustak;gazowe;pełna własność;;2022;
OKAZJA! Ostatni apartament M-5 dostępny od ręki!;409 000 ;Rybnik, Gotartowice;https://www.otodom.pl/pl/oferta/okazja-ostatni-apartament-m-5-dostepny-od-reki-ID4efYn;69 m²;4;pierwotny;apartamentowiec;1;2;plastikowe;do wykończenia;;pustak;gazowe;pełna własność;;2020;
kawalerka Rybnik ul. Dąbrówki sprzedam;185 000 ;Rybnik, Maroko-Nowiny, ul. Dąbrówki;https://www.otodom.pl/pl/oferta/kawalerka-rybnik-ul-dabrowki-sprzedam-ID4dPVf;38,55 m²;1;wtórny;blok;parter;10;plastikowe;do zamieszkania;400 zł;wielka płyta;miejskie;spółdzielcze wł. z KW;;1985;
2 pokojowe mieszkanie, Os. Południe, Boguszowice;185 000 ;Rybnik, Boguszowice, os. Południe;https://www.otodom.pl/pl/oferta/2-pokojowe-mieszkanie-os-poludnie-boguszowice-ID4efKg;48 m²;2;wtórny;blok;parter;4;plastikowe;do remontu;550 zł;;miejskie;spółdzielcze wł. z KW;;;
Komfortowe M4 w świetnej lokalizacji w Rybniku;269 000 ;Rybnik, śląskie;https://www.otodom.pl/pl/oferta/komfortowe-m4-w-swietnej-lokalizacji-w-rybniku-ID4efmF;47,63 m²;3;wtórny;blok;9;10;;do zamieszkania;500 zł;;miejskie;;;;
M2 idealne pod inwestycję, niski czynsz, Nowiny;185 000 ;Rybnik, Maroko-Nowiny;https://www.otodom.pl/pl/oferta/m2-idealne-pod-inwestycje-niski-czynsz-nowiny-ID4efjx;32,70 m²;1;wtórny;blok;8;10;plastikowe;do zamieszkania;355 zł;;;spółdzielcze własnościowe;;1;
Wyremontowane mieszkanie z ogródkiem;195 000 ;Rybnik, Niedobczyce;https://www.otodom.pl/pl/oferta/wyremontowane-mieszkanie-z-ogrodkiem-ID4effD;40 m²;2;wtórny;kamienica;1;1;;;;;miejskie;;;;
Do sprzedania mieszkanie Orzepowicka 20A Rybnik;250 000 ;Rybnik, Maroko-Nowiny, ul. Orzepowicka 20;https://www.otodom.pl/pl/oferta/do-sprzedania-mieszkanie-orzepowicka-20a-rybnik-ID4efcf;72,85 m²;4;wtórny;blok;4;;drewniane;do remontu;720 zł;wielka płyta;miejskie;pełna własność;2021-11-17;1979;
Kawalerka po remoncie na Nowinach!;179 000 ;Rybnik, Maroko-Nowiny;https://www.otodom.pl/pl/oferta/kawalerka-po-remoncie-na-nowinach-ID4ef2e;32,70 m²;1;wtórny;blok;8;10;plastikowe;;350 zł;wielka płyta;miejskie;pełna własność;;;
Przytulne M4 w Boguszowicach!;270 000 ;Rybnik, Boguszowice;https://www.otodom.pl/pl/oferta/przytulne-m4-w-boguszowicach-ID4edK1;60 m²;3;wtórny;blok;2;;plastikowe;do zamieszkania;800 zł;wielka płyta;miejskie;spółdzielcze wł. z KW;;;
Trzypokojowe mieszkanie Rybnik os. Południe;210 000 ;Rybnik, Boguszowice;https://www.otodom.pl/pl/oferta/trzypokojowe-mieszkanie-rybnik-os-poludnie-ID4edHp;47 m²;3;wtórny;blok;4;4;;;;;;;;;
Mieszkanie Rybnik centrum - Kampus Park;399 000 ;Rybnik, Śródmieście, ul. Rudzka;https://www.otodom.pl/pl/oferta/mieszkanie-rybnik-centrum-kampus-park-ID4dHOB;42,90 m²;2;wtórny;apartamentowiec;3;3;aluminiowe;do zamieszkania;;pustak;gazowe;pełna własność;;2015;
Nowe 3pok. z ogródkiem/malownicza okolica 0%PROW.;367 000 ;Rybnik, Zamysłów;https://www.otodom.pl/pl/oferta/nowe-3pok-z-ogrodkiem-malownicza-okolica-0-prow-ID4ecQf;57,50 m²;3;pierwotny;apartamentowiec;parter;1;plastikowe;do wykończenia;;;gazowe;pełna własność;;2021;Tak
Ogródek, Taras, 73m2 wykończone i wyposażone PARK;Zapytaj o ce;Rybnik, Meksyk, ul. Parkowa 2;https://www.otodom.pl/pl/oferta/ogrodek-taras-73m2-wykonczone-i-wyposazone-park-ID4ecDR;73 m²;3;pierwotny;blok;parter;3;plastikowe;do zamieszkania;;;miejskie;pełna własność;;;Tak
Nowoczesny Apartament w samym Sercu Rybnika;790 000 ;Wierzbowa, Rybnik, śląskie;https://www.otodom.pl/pl/oferta/nowoczesny-apartament-w-samym-sercu-rybnika-ID4dK5l;186,90 m²;5;wtórny;;1;1;;do zamieszkania;;;;pełna własność;;;
Idealne Mieszkanie na Sprzedaż Rybnik;175 000 ;Rybnik, śląskie;https://www.otodom.pl/pl/oferta/idealne-mieszkanie-na-sprzedaz-rybnik-ID4e54V;40 m²;2;wtórny;;1;3;;;320 zł;;;;;;
Mieszkanie M-4 Boguszowice, 3 pokoje, M4, 2 piętro;280 000 ;Rybnik, Boguszowice;https://www.otodom.pl/pl/oferta/mieszkanie-m-4-boguszowice-3-pokoje-m4-2-pietro-ID4ebGa;60,32 m²;3;wtórny;blok;2;4;plastikowe;do zamieszkania;800 zł;wielka płyta;miejskie;pełna własność;;;
Mieszkanie M3 Os. Południe! Parter!;185 000 ;Rybnik, Boguszowice;https://www.otodom.pl/pl/oferta/mieszkanie-m3-os-poludnie-parter-ID4dL6N;48 m²;2;wtórny;;parter;4;plastikowe;;;;miejskie;;;;
ostanie nowe mieszkanie Rybnik, Osiedle Polna;430 326 ;Rybnik, Zamysłów, ul. Polna;https://www.otodom.pl/pl/oferta/ostanie-nowe-mieszkanie-rybnik-osiedle-polna-ID4eaHp;59,91 m²;3;wtórny;apartamentowiec;2;2;plastikowe;do zamieszkania;;pustak;gazowe;pełna własność;;2019;
**Apartamenty deweloperskie z ogrodem 58,45**;379 900 ;Rybnik, śląskie;https://www.otodom.pl/pl/oferta/apartamenty-deweloperskie-z-ogrodem-58-45-ID4dYyO;58,45 m²;3;wtórny;apartamentowiec;parter;1;;;;;;pełna własność;;2021;
M-2 (30m2) Rybnik ul.Morcinka do remontu POLECAM!!;104 000 ;ul. Gustawa Morcinka, Rybnik, śląskie;https://www.otodom.pl/pl/oferta/m-2-30m2-rybnik-ul-morcinka-do-remontu-polecam-ID4e9cP;30 m²;1;wtórny;blok;1;2;plastikowe;do remontu;300 zł;;miejskie;spółdzielcze własnościowe;;1960;
Duże mieszkanie z balkonem, 4 pokoje, Wawelska;315 000 ;Rybnik, Maroko-Nowiny, Wawelska;https://www.otodom.pl/pl/oferta/duze-mieszkanie-z-balkonem-4-pokoje-wawelska-ID4e8Q0;76 m²;4;wtórny;blok;7;10;;;;wielka płyta;;spółdzielcze własnościowe;2021-12-01;;
Super M-4 Kilińskiego;310 000 ;Rybnik, śląskie;https://www.otodom.pl/pl/oferta/super-m-4-kilinskiego-ID4dAPS;64,20 m²;3;wtórny;blok;parter;8;plastikowe;do zamieszkania;560 zł;wielka płyta;miejskie;pełna własność;;;Tak
Pięciopokojowy apartament w Rybniku do wprowadzeni;650 000 ;Rybnik, Popielów;https://www.otodom.pl/pl/oferta/pieciopokojowy-apartament-w-rybniku-do-wprowadzeni-ID4e7j2;113,46 m²;5;wtórny;apartamentowiec;1;1;plastikowe;do zamieszkania;;;;pełna własność;;2020;
Luksusowy apartament, 114 m2, Rybnik;650 000 ;Rybnik, Popielów;https://www.otodom.pl/pl/oferta/luksusowy-apartament-114-m2-rybnik-ID4e5Zq;113,50 m²;5;wtórny;szeregowiec;1;2;plastikowe;do zamieszkania;;pustak;gazowe;pełna własność;;;
Genialna lokalizacja - M4 bezczynszowe;349 000 ;Rybnik, Śródmieście;https://www.otodom.pl/pl/oferta/genialna-lokalizacja-m4-bezczynszowe-ID4e5FN;60,50 m²;3;pierwotny;kamienica;2;2;plastikowe;do zamieszkania;180 zł;cegła;gazowe;pełna własność;;;
Funkcjonalne M5 z balkonem- Śródmieście!;285 000 ;Rybnik, Śródmieście;https://www.otodom.pl/pl/oferta/funkcjonalne-m5-z-balkonem-srodmiescie-ID4e4h5;64,50 m²;4;wtórny;blok;2;10;plastikowe;;500 zł;;;;;1;
M-2 duże (30m2) Niewiadom ul.Morcinka POLECAM!!;102 000 ;Rybnik, Niewiadom Dolny, ul. Gustawa Morcinka;https://www.otodom.pl/pl/oferta/m-2-duze-30m2-niewiadom-ul-morcinka-polecam-ID4e1Cy;30 m²;1;wtórny;blok;2;2;drewniane;do remontu;300 zł;cegła;miejskie;spółdzielcze własnościowe;;1960;
Mieszkanie, 52,96 m², Rybnik;195 000 ;Rybnik, Niedobczyce;https://www.otodom.pl/pl/oferta/mieszkanie-52-96-m-rybnik-ID4e1qk;52,96 m²;3;wtórny;blok;3;4;plastikowe;;;;miejskie;pełna własność;;;
Kawalerka, niski czynsz, Niewiadom;112 000 ;Rybnik, Niewiadom Górny;https://www.otodom.pl/pl/oferta/kawalerka-niski-czynsz-niewiadom-ID4dZpm;30,20 m²;1;wtórny;blok;1;2;plastikowe;do remontu;305 zł;;;pełna własność;;1970;
**Apartamenty deweloperskie z balkonem I piętro**;349 900 ;Rybnik, Niedobczyce;https://www.otodom.pl/pl/oferta/apartamenty-deweloperskie-z-balkonem-i-pietro-ID4dYyL;63,35 m²;3;wtórny;apartamentowiec;1;1;plastikowe;do wykończenia;;pustak;gazowe;pełna własność;;2021;
M5 I piętro ul. Floriańska - gotowe do remontu;235 000 ;Rybnik, śląskie;https://www.otodom.pl/pl/oferta/m5-i-pietro-ul-florianska-gotowe-do-remontu-ID4dYih;75 m²;4;wtórny;blok;1;10;plastikowe;do remontu;780 zł;wielka płyta;miejskie;pełna własność;;1980;
*Apartament na obrzeżach Miasta w cichej Okolicy R;449 000 ;Rybnik, Ligota;https://www.otodom.pl/pl/oferta/apartament-na-obrzezach-miasta-w-cichej-okolicy-r-ID4dXTx;63,60 m²;3;wtórny;apartamentowiec;1;2;plastikowe;do zamieszkania;;;;pełna własność;;2016;
Wygodne mieszkanie 32 m2 na parterze, Rybnik;203 000 ;Dąbrówki, Rybnik, śląskie;https://www.otodom.pl/pl/oferta/wygodne-mieszkanie-32-m2-na-parterze-rybnik-ID4dz2p;38,55 m²;2;wtórny;blok;parter;10;;do zamieszkania;;wielka płyta;miejskie;;;1980;
Mieszkanie z tarasami marzeń!;466 000 ;Rybnik, Ligota, ul. Pogodna;https://www.otodom.pl/pl/oferta/mieszkanie-z-tarasami-marzen-ID4dVzt;57,25 m²;2;wtórny;apartamentowiec;2;2;plastikowe;do zamieszkania;200 zł;pustak;gazowe;pełna własność;;2015;
3 pokoje z balkonem, Niedobczyce;355 000 ;Rybnik, Niedobczyce;https://www.otodom.pl/pl/oferta/3-pokoje-z-balkonem-niedobczyce-ID4dTGe;73,55 m²;3;pierwotny;apartamentowiec;1;1;plastikowe;do wykończenia;;;;pełna własność;;2021;
Apartament dwupoziomowy, 5 pokoi, Popielów;449 000 ;Rybnik, Popielów;https://www.otodom.pl/pl/oferta/apartament-dwupoziomowy-5-pokoi-popielow-ID4dTlb;113,46 m²;5;pierwotny;apartamentowiec;1;2;plastikowe;do wykończenia;;;;pełna własność;;2021;
Słoneczne M4 Rybnik Nowiny;279 000 ;Rybnik, Maroko-Nowiny;https://www.otodom.pl/pl/oferta/sloneczne-m4-rybnik-nowiny-ID4dSBu;75 m²;3;wtórny;blok;7;10;;;560 zł;;;spółdzielcze własnościowe;;1980;
Mieszkanie, 72,90 m², Rybnik;429 382 ;Rybnik, śląskie;https://www.otodom.pl/pl/oferta/mieszkanie-72-90-m-rybnik-ID4dSl6;72,90 m²;3;pierwotny;;1;3;plastikowe;;;;;pełna własność;;2021;
2-pokojowa kawalerka-Nowiny;175 000 ;Rybnik, Maroko-Nowiny;https://www.otodom.pl/pl/oferta/2-pokojowa-kawalerka-nowiny-ID4dPLH;31 m²;2;wtórny;;> 10;11;;;;;;;;;
M4 z dużym balkonem, wysoki parter, Nowiny;260 000 ;Rybnik, Maroko-Nowiny;https://www.otodom.pl/pl/oferta/m4-z-duzym-balkonem-wysoki-parter-nowiny-ID4dORi;61,10 m²;3;wtórny;blok;;10;plastikowe;do remontu;640 zł;;;spółdzielcze własnościowe;;1;
Sprzedam Mieszkanie 2-pokoje!Rybnik-Niedobczyce!19;195 000 ;Rybnik, Niedobczyce;https://www.otodom.pl/pl/oferta/sprzedam-mieszkanie-2-pokoje-rybnik-niedobczyce-19-ID4dNj7;40 m²;2;wtórny;kamienica;1;1;;;500 zł;;;;;1990;
Mieszkanie M3 w Rybnik;175 000 ;Rybnik, śląskie;https://www.otodom.pl/pl/oferta/mieszkanie-m3-w-rybnik-ID4dL3B;46,08 m²;2;wtórny;blok;2;5;;do remontu;;;;;;;
Prześliczny dom z zielonym ogrodem - ODSTĘPNE 0%;379 900 ;Rybnik, śląskie;https://www.otodom.pl/pl/oferta/przesliczny-dom-z-zielonym-ogrodem-odstepne-0-ID4dKQB;58,45 m²;3;pierwotny;szeregowiec;parter;1;plastikowe;do wykończenia;;pustak;miejskie;pełna własność;;2021;Tak
Niepowtarzalne M5 Rybnik!;435 000 ;Rybnik, śląskie;https://www.otodom.pl/pl/oferta/niepowtarzalne-m5-rybnik-ID4dJOP;75 m²;4;wtórny;blok;6;;;do zamieszkania;690 zł;wielka płyta;miejskie;spółdzielcze własnościowe;;;
Przestronne mieszkanie w centrum Rybnika.;490 000 ;Rybnik, śląskie;https://www.otodom.pl/pl/oferta/przestronne-mieszkanie-w-centrum-rybnika-ID4dJHP;98 m²;4;wtórny;kamienica;1;2;;;;;gazowe;pełna własność;;;
Ładne M4 na Nowinach;269 000 ;Rybnik, śląskie;https://www.otodom.pl/pl/oferta/ladne-m4-na-nowinach-ID4dIxZ;57,94 m²;3;wtórny;blok;2;10;plastikowe;;635,19 zł;wielka płyta;miejskie;pełna własność;;;
Przytulne mieszkanie z balkonem Ul.Zebrzydowicka;235 000 ;Rybnik, śląskie;https://www.otodom.pl/pl/oferta/przytulne-mieszkanie-z-balkonem-ul-zebrzydowicka-ID4dviY;37,20 m²;2;wtórny;blok;1;;plastikowe;do zamieszkania;470 zł;;;pełna własność;;;
2 pokoje, wysoki parter, Boguszowice;184 990 ;Rybnik, Boguszowice;https://www.otodom.pl/pl/oferta/2-pokoje-wysoki-parter-boguszowice-ID4dIho;48 m²;2;wtórny;blok;;4;plastikowe;;500 zł;;;spółdzielcze własnościowe;;1;
Na sprzedaż M-3 Rybnik Morcinka.;169 000 ;Rybnik, Niewiadom Dolny;https://www.otodom.pl/pl/oferta/na-sprzedaz-m-3-rybnik-morcinka-ID4dGNg;44 m²;2;wtórny;blok;4;4;plastikowe;do wykończenia;;cegła;miejskie;pełna własność;;;
Mieszkanie po remoncie Niedobczyce + ogródek;195 000 ;Rybnik, Niedobczyce;https://www.otodom.pl/pl/oferta/mieszkanie-po-remoncie-niedobczyce-ogrodek-ID4dGA3;40 m²;2;wtórny;kamienica;1;;plastikowe;do zamieszkania;;;miejskie;;;;
999-SB ** M-3 w Chwałowicach - REZERWACJA **;189 000 ;Rybnik, Chwałowice;https://www.otodom.pl/pl/oferta/999-sb-m-3-w-chwalowicach-rezerwacja-ID4dDYW;45 m²;2;wtórny;blok;2;4;drewniane;do zamieszkania;500 zł;cegła;miejskie;pełna własność;;;
Mieszkanie 2-pokojowe przy Wyzwolenia;229 000 ;Rybnik, śląskie;https://www.otodom.pl/pl/oferta/mieszkanie-2-pokojowe-przy-wyzwolenia-ID4dDH8;46 m²;2;wtórny;blok;4;4;plastikowe;;500 zł;;miejskie;pełna własność;;;
M3 w niskim bloku z balkonem-Rybnicka Kuźnia;259 000 ;Rybnik, Rybnicka Kuźnia;https://www.otodom.pl/pl/oferta/m3-w-niskim-bloku-z-balkonem-rybnicka-kuznia-ID4dBIK;47,70 m²;2;wtórny;blok;3;4;plastikowe;do zamieszkania;500 zł;;;;;1;
Okazja !!! M-3 Centrum Rybnika!!!;220 000 ;Rybnik, Śródmieście;https://www.otodom.pl/pl/oferta/okazja-m-3-centrum-rybnika-ID4dzTo;39,40 m²;2;wtórny;blok;10;10;plastikowe;;;;miejskie;;;;
4 pokoje z tarasem, nowe budownictwo, Gotartowice;472 000 ;Rybnik, Gotartowice;https://www.otodom.pl/pl/oferta/4-pokoje-z-tarasem-nowe-budownictwo-gotartowice-ID4dzzg;69,36 m²;4;pierwotny;apartamentowiec;1;2;plastikowe;do wykończenia;;;;pełna własność;;2023;
Nowy apartament M5,, taras + ogródek, Gotartowice;480 000 ;Rybnik, Gotartowice;https://www.otodom.pl/pl/oferta/nowy-apartament-m5-taras-ogrodek-gotartowice-ID4dzsB;69,54 m²;4;pierwotny;apartamentowiec;parter;2;plastikowe;do wykończenia;;;;pełna własność;;2023;
3 pokoje, z tarasem, Gotartowice;369 000 ;Rybnik, Gotartowice;https://www.otodom.pl/pl/oferta/3-pokoje-z-tarasem-gotartowice-ID4dzsC;53,51 m²;3;pierwotny;apartamentowiec;parter;2;plastikowe;do wykończenia;;;;pełna własność;;2023;
2 pokoje, niski czynsz, Nowiny;185 000 ;Rybnik, Maroko-Nowiny;https://www.otodom.pl/pl/oferta/2-pokoje-niski-czynsz-nowiny-ID4dzse;31,25 m²;2;wtórny;blok;> 10;11;plastikowe;do zamieszkania;310 zł;;;;;1;
3 pokoje, duży balkon, nowe budownictwo, Ligota;414 755 ;Rybnik, Ligota;https://www.otodom.pl/pl/oferta/3-pokoje-duzy-balkon-nowe-budownictwo-ligota-ID4dzs6;75,41 m²;3;pierwotny;apartamentowiec;1;1;plastikowe;do wykończenia;;;;pełna własność;;2021;
1101-SH***Gotowe mieszkanie w Chwałowicach***;215 000 ;Rybnik, Chwałowice;https://www.otodom.pl/pl/oferta/1101-shgotowe-mieszkanie-w-chwalowicach-ID4dxUS;52 m²;3;wtórny;kamienica;parter;1;plastikowe;do zamieszkania;;cegła;gazowe;pełna własność;;;
Mieszkanie, 2 pokoje, Maroko-Nowiny, Rybnik;185 000 ;Rybnik, Maroko-Nowiny;https://www.otodom.pl/pl/oferta/mieszkanie-2-pokoje-maroko-nowiny-rybnik-ID4dxuN;31,25 m²;2;wtórny;blok;> 10;11;;;;wielka płyta;miejskie;spółdzielcze własnościowe;;;
Ostatnie wolne mieszkanie!;450 000 ;Rybnik, Niedobczyce, ul. Gruntowa;https://www.otodom.pl/pl/oferta/ostatnie-wolne-mieszkanie-ID4dsDM;76,34 m²;4;pierwotny;apartamentowiec;2;2;plastikowe;do wykończenia;;pustak;gazowe;pełna własność;;2021;Tak
Stylowe mieszkanie o pow 48 m2 , Rybnik Sztolniowa;179 500 ;Sztolniowa, Rybnik, śląskie;https://www.otodom.pl/pl/oferta/stylowe-mieszkanie-o-pow-48-m2-rybnik-sztolniowa-ID4bvz2;53,36 m²;2;wtórny;blok;4;4;;do zamieszkania;;wielka płyta;miejskie;;;1980;
M3, duży balkon, nowe budownictwo, Ligota;331 712 ;Rybnik, Ligota;https://www.otodom.pl/pl/oferta/m3-duzy-balkon-nowe-budownictwo-ligota-ID4drcn;51,83 m²;2;pierwotny;apartamentowiec;2;2;plastikowe;do wykończenia;;;;pełna własność;;2021;
Przestronne M-5 w bardzo dobrym standardzie;239 000 ;Rybnik, Niedobczyce;https://www.otodom.pl/pl/oferta/przestronne-m-5-w-bardzo-dobrym-standardzie-ID4dr2B;67,37 m²;4;wtórny;blok;2;4;plastikowe;do zamieszkania;730 zł;wielka płyta;miejskie;pełna własność;;;
Nowoczesny apartament do wprowadzenia Rybnik!;525 000 ;Rybnik, śląskie;https://www.otodom.pl/pl/oferta/nowoczesny-apartament-do-wprowadzenia-rybnik-ID4dqnp;65 m²;3;wtórny;apartamentowiec;;;plastikowe;do zamieszkania;165 zł;;gazowe;;;;
M-2 Rybnik Śródmieście - wyposażone!;195 000 ;Rybnik, Śródmieście;https://www.otodom.pl/pl/oferta/m-2-rybnik-srodmiescie-wyposazone-ID4dqin;29,40 m²;1;wtórny;blok;3;4;plastikowe;do zamieszkania;256 zł;;miejskie;spółdzielcze własnościowe;;1960;
Mieszkanie do wprowadzenia, z ogródkiem!;349 000 ;Rybnik, śląskie;https://www.otodom.pl/pl/oferta/mieszkanie-do-wprowadzenia-z-ogrodkiem-ID4dmtV;58 m²;4;wtórny;szeregowiec;;;plastikowe;do zamieszkania;500 zł;cegła;kotłownia;;;;
Rezerwacja;389 000 ;Rybnik, Śródmieście;https://www.otodom.pl/pl/oferta/rezerwacja-ID4djvf;75 m²;4;wtórny;blok;1;1;;do zamieszkania;650 zł;cegła;miejskie;spółdzielcze własnościowe;;1980;
Apartamenty Rybnik, Nowe osiedle Centrum;371 910 ;Rybnik, śląskie;https://www.otodom.pl/pl/oferta/apartamenty-rybnik-nowe-osiedle-centrum-ID4djsT;56,35 m²;2;pierwotny;apartamentowiec;parter;2;plastikowe;do wykończenia;;;;;;2021;
"Nowa inwestycja - Rybnik, Zamysłów; M-4 2piętro";390 228 ;Rybnik, Zamysłów;https://www.otodom.pl/pl/oferta/nowa-inwestycja-rybnik-zamyslow-m-4-2pietro-ID4dj9a;62,94 m²;3;pierwotny;apartamentowiec;2;2;plastikowe;do wykończenia;;;gazowe;pełna własność;;2021;
"Nowa inwestycja - Rybnik, Zamysłów; M-4 2piętro";437 410 ;Rybnik, Zamysłów;https://www.otodom.pl/pl/oferta/nowa-inwestycja-rybnik-zamyslow-m-4-2pietro-ID4dj8J;70,55 m²;3;pierwotny;apartamentowiec;2;2;plastikowe;do wykończenia;;;gazowe;;;2021;
"Nowa inwestycja - Rybnik, Zamysłów; M-4 1piętro";395 451 ;Rybnik, Zamysłów;https://www.otodom.pl/pl/oferta/nowa-inwestycja-rybnik-zamyslow-m-4-1pietro-ID4dj8f;62,77 m²;3;pierwotny;apartamentowiec;1;2;plastikowe;do wykończenia;;;gazowe;;;2021;
"Nowa inwestycja - Rybnik, Zamysłów; M-4 1piętro";444 465 ;Rybnik, Zamysłów;https://www.otodom.pl/pl/oferta/nowa-inwestycja-rybnik-zamyslow-m-4-1pietro-ID4dj87;70,55 m²;3;pierwotny;apartamentowiec;1;2;plastikowe;do wykończenia;;;gazowe;;;2021;
"Nowa inwestycja - Rybnik, Zamysłów; M-3 parter";371 910 ;Rybnik, Zamysłów;https://www.otodom.pl/pl/oferta/nowa-inwestycja-rybnik-zamyslow-m-3-parter-ID4dj6Q;56,35 m²;2;pierwotny;apartamentowiec;parter;2;plastikowe;do wykończenia;;;gazowe;;;2021;
"Nowa inwestycja - Rybnik, Zamysłów; M-4 parter";430 355 ;Rybnik, Zamysłów;https://www.otodom.pl/pl/oferta/nowa-inwestycja-rybnik-zamyslow-m-4-parter-ID4dj6v;70,55 m²;3;pierwotny;apartamentowiec;parter;2;plastikowe;do wykończenia;;;gazowe;;;2021;
M-4 Rybnik- Chwałowice.;255 000 ;Rybnik, Chwałowice;https://www.otodom.pl/pl/oferta/m-4-rybnik-chwalowice-ID4d9D2;55,70 m²;3;wtórny;blok;4;4;plastikowe;do zamieszkania;550 zł;;;;;1981;
Ustawne mieszkanie z balkonem, 56mkw, Dąbrówki;210 000 ;Rybnik, Maroko-Nowiny;https://www.otodom.pl/pl/oferta/ustawne-mieszkanie-z-balkonem-56mkw-dabrowki-ID4d1cq;52,90 m²;2;wtórny;blok;6;10;;;;wielka płyta;miejskie;pełna własność;;;
*** Nowe mieszkanie 62,77 m2 z tarasem, 3 pokoje *;395 451 ;Rybnik, Zamysłów, ul. Zamysłowska;https://www.otodom.pl/pl/oferta/nowe-mieszkanie-62-77-m2-z-tarasem-3-pokoje-ID45AA1;62,77 m²;3;pierwotny;apartamentowiec;1;2;plastikowe;do wykończenia;;pustak;gazowe;pełna własność;;2021;
*** Nowe mieszkanie 62,94 m2 z tarasem, 3 pokoje *;390 228 ;Rybnik, Zamysłów, ul. Zamysłowska;https://www.otodom.pl/pl/oferta/nowe-mieszkanie-62-94-m2-z-tarasem-3-pokoje-ID45AAq;62,94 m²;3;pierwotny;apartamentowiec;2;2;plastikowe;do wykończenia;;pustak;gazowe;pełna własność;;2021;
M-3 (43m) Po remoncie Kuźnia Rybnicka POLECAM!!;213 000 ;Rybnik, Rybnicka Kuźnia;https://www.otodom.pl/pl/oferta/m-3-43m-po-remoncie-kuznia-rybnicka-polecam-ID4cUPK;43 m²;2;wtórny;blok;4;4;plastikowe;do zamieszkania;;;miejskie;spółdzielcze wł. z KW;;1980;
4 Pokoje z ogródkiem w zielonej i cichej dzielnicy;450 986 ;Rybnik, Paruszowiec;https://www.otodom.pl/pl/oferta/4-pokoje-z-ogrodkiem-w-zielonej-i-cichej-dzielnicy-ID4cRkE;77,17 m²;4;pierwotny;apartamentowiec;parter;3;plastikowe;do wykończenia;;;;;;;
Nowe przestronne mieszkanie z balkonem na południe;414 755 ;Rybnik, Kuźnia Ligocka;https://www.otodom.pl/pl/oferta/nowe-przestronne-mieszkanie-z-balkonem-na-poludnie-ID49U6N;75,41 m²;3;pierwotny;apartamentowiec;1;1;plastikowe;do wykończenia;;cegła;gazowe;pełna własność;;2021;
Mieszkanie na sprzedaż / Pod inwestycje wynajem;379 000 ;Rybnik, Śródmieście;https://www.otodom.pl/pl/oferta/mieszkanie-na-sprzedaz-pod-inwestycje-wynajem-ID4cN6X;103 m²;5;wtórny;kamienica;2;2;plastikowe;do zamieszkania;1 200 zł;cegła;;spółdzielcze własnościowe;;1925;
Mieszkanie z balkonem, 2 pokoje + jadalnia, Maroko;215 000 ;Rybnik, Maroko-Nowiny;https://www.otodom.pl/pl/oferta/mieszkanie-z-balkonem-2-pokoje-jadalnia-maroko-ID4cLnz;45,70 m²;2;wtórny;blok;parter;3;;;;;miejskie;pełna własność;;;
"Osiedle Przedwiośnie - wygoda i bezpieczeństwo;13A";255 000 ;Rybnik, Ligota, ul. Stefana Żeromskiego;https://www.otodom.pl/pl/oferta/osiedle-przedwiosnie-wygoda-i-bezpieczenstwo13a-ID4cGIX;35,10 m²;1;pierwotny;apartamentowiec;2;2;plastikowe;do wykończenia;;pustak;gazowe;pełna własność;;2020;
"Osiedle Przedwiośnie - wygoda i bezpieczeństwo;12A";366 600 ;Rybnik, Ligota, ul. Stefana Żeromskiego;https://www.otodom.pl/pl/oferta/osiedle-przedwiosnie-wygoda-i-bezpieczenstwo12a-ID4cGHZ;56,40 m²;2;pierwotny;apartamentowiec;2;2;plastikowe;do wykończenia;;pustak;gazowe;pełna własność;;2020;
"Osiedle Przedwiośnie - wygoda i bezpieczeństwo;15A";499 850 ;Rybnik, Ligota, ul. Stefana Żeromskiego;https://www.otodom.pl/pl/oferta/osiedle-przedwiosnie-wygoda-i-bezpieczenstwo15a-ID4cGHI;76,90 m²;4;pierwotny;apartamentowiec;2;2;plastikowe;do wykończenia;;pustak;gazowe;pełna własność;;2020;
"Osiedle Przedwiośnie - wygoda i bezpieczeństwo;11A";389 675 ;Rybnik, Ligota, ul. Stefana Żeromskiego;https://www.otodom.pl/pl/oferta/osiedle-przedwiosnie-wygoda-i-bezpieczenstwo11a-ID4cGHh;59,95 m²;3;pierwotny;apartamentowiec;2;2;plastikowe;do wykończenia;;pustak;gazowe;pełna własność;;2020;
Mieszkanie M-4 na pierwszym piętrze, z tarasem;378 000 ;Rybnik, Gotartowice;https://www.otodom.pl/pl/oferta/mieszkanie-m-4-na-pierwszym-pietrze-z-tarasem-ID4cFIZ;77,54 m²;3;pierwotny;;1;1;plastikowe;do wykończenia;;;;pełna własność;;;
Mieszkanie M-4 na parterze, z ogródkiem;380 000 ;Rybnik, Gotartowice;https://www.otodom.pl/pl/oferta/mieszkanie-m-4-na-parterze-z-ogrodkiem-ID4cFIX;63,91 m²;3;pierwotny;;parter;1;plastikowe;do wykończenia;;;;pełna własność;;;
M4 deweloperskie Rybnik Boguszowice;299 900 ;Rybnik, Boguszowice;https://www.otodom.pl/pl/oferta/m4-deweloperskie-rybnik-boguszowice-ID4cALO;60,47 m²;3;pierwotny;apartamentowiec;3;3;plastikowe;do wykończenia;;;;pełna własność;;2021;
***M3 z balkonem Rybnik-Niewiadom***;102 000 ;Rybnik, Niewiadom Górny, ul. Gustawa Morcinka;https://www.otodom.pl/pl/oferta/m3-z-balkonem-rybnik-niewiadom-ID4cAed;38 m²;2;wtórny;blok;4;4;plastikowe;;;;inne;;;;
M-5 z balkonem do remontu i aranżacji - Nowa cena!;189 000 ;Rybnik, Niedobczyce;https://www.otodom.pl/pl/oferta/m-5-z-balkonem-do-remontu-i-aranzacji-nowa-cena-ID4czBK;66,64 m²;4;wtórny;blok;4;4;plastikowe;do remontu;700 zł;wielka płyta;miejskie;pełna własność;;;
***Centrum *ul.Cierpioła*Okazja***;219 900 ;Rybnik, Śródmieście, ul. Pawła Cierpioła;https://www.otodom.pl/pl/oferta/centrum-ul-cierpiolaokazja-ID4czmP;46 m²;2;wtórny;blok;2;4;;;;;;;;;
M3 po remoncie z ogródkiem;195 000 ;Rybnik, Niedobczyce;https://www.otodom.pl/pl/oferta/m3-po-remoncie-z-ogrodkiem-ID4czlj;40 m²;2;wtórny;kamienica;1;1;plastikowe;;500 zł;cegła;miejskie;spółdzielcze własnościowe;;;
Nowe M4 stan deweloperski z dużym balkonem;331 234 ;Rybnik, Boguszowice;https://www.otodom.pl/pl/oferta/nowe-m4-stan-deweloperski-z-duzym-balkonem-ID4czjd;59,36 m²;3;pierwotny;apartamentowiec;3;3;plastikowe;do wykończenia;;;;;;2021;
Umeblowane M3, Rybnik;159 000 ;Kadetów, Rybnik, śląskie;https://www.otodom.pl/pl/oferta/umeblowane-m3-rybnik-ID48XsR;48,21 m²;2;wtórny;blok;1;3;;do remontu;;cegła;gazowe;;;1960;
Idealne M2 pod inwestycje 34,5 m2 Rybnik Nowiny;179 000 ;Budowlanych, Rybnik, śląskie;https://www.otodom.pl/pl/oferta/idealne-m2-pod-inwestycje-34-5-m2-rybnik-nowiny-ID4bE0R;34,50 m²;1;wtórny;blok;6;10;;do remontu;;wielka płyta;miejskie;;;1970;
***M3 RYBNIK-NIEWIADOM*Wszystko Nowe***;143 900 ;Rybnik, Niewiadom Górny, ul. Gustawa Morcinka;https://www.otodom.pl/pl/oferta/m3-rybnik-niewiadomwszystko-nowe-ID4cz23;42 m²;2;wtórny;blok;3;4;plastikowe;do zamieszkania;;;miejskie;;;;
Nowe M4 z dużym balkonem Rybnik Boguszowice;299 990 ;Rybnik, Boguszowice;https://www.otodom.pl/pl/oferta/nowe-m4-z-duzym-balkonem-rybnik-boguszowice-ID4cz2H;60,82 m²;3;pierwotny;apartamentowiec;1;3;plastikowe;do wykończenia;;;;pełna własność;;2021;
M4 z dużym balkonem,stan deweloperski;336 569 ;Rybnik, Boguszowice;https://www.otodom.pl/pl/oferta/m4-z-duzym-balkonem-stan-deweloperski-ID4cz2D;59,22 m²;3;pierwotny;apartamentowiec;1;3;plastikowe;do wykończenia;;;;pełna własność;;2021;
Nowe mieszkania deweloperskie Rybnik;299 900 ;Rybnik, Boguszowice;https://www.otodom.pl/pl/oferta/nowe-mieszkania-deweloperskie-rybnik-ID4cz2z;60,63 m²;3;wtórny;apartamentowiec;2;3;plastikowe;do wykończenia;;;;;;2021;
M-3(47m) Kuźnia Rybnicka kuchnią z oknem POLECAM!;255 000 ;Rybnik, Rybnicka Kuźnia;https://www.otodom.pl/pl/oferta/m-347m-kuznia-rybnicka-kuchnia-z-oknem-polecam-ID4cyfb;47,70 m²;2;wtórny;blok;3;4;plastikowe;do zamieszkania;500 zł;;miejskie;spółdzielcze własnościowe;;1980;
Mieszkanie, 71 m², Rybnik;275 000 ;Rybnik, Maroko-Nowiny;https://www.otodom.pl/pl/oferta/mieszkanie-71-m-rybnik-ID4cx5V;71 m²;4;wtórny;blok;4;10;plastikowe;;700 zł;;miejskie;spółdzielcze własnościowe;;;
Piękny apartament z tarasem na już i 8 w budowie!;370 000 ;Rybnik, śląskie;https://www.otodom.pl/pl/oferta/piekny-apartament-z-tarasem-na-juz-i-8-w-budowie-ID4cvpw;72 m²;3;pierwotny;;1;1;;do wykończenia;;;gazowe;pełna własność;;2021;
M-4 Centrum Rybnika - Dworek;210 000 ;Rybnik, Śródmieście;https://www.otodom.pl/pl/oferta/m-4-centrum-rybnika-dworek-ID4cvp2;46 m²;3;wtórny;blok;parter;10;plastikowe;do remontu;;;miejskie;;;;
* M3 Rybnik Śródmieście *;235 000 ;Rybnik, Śródmieście;https://www.otodom.pl/pl/oferta/m3-rybnik-srodmiescie-ID4cvbk;47,55 m²;2;wtórny;blok;4;4;plastikowe;;500 zł;cegła;miejskie;pełna własność;;1968;
Mieszkanie, 74,90 m², Rybnik;400 000 ;Rybnik, Zamysłów;https://www.otodom.pl/pl/oferta/mieszkanie-74-90-m-rybnik-ID4ctsP;74,90 m²;3;pierwotny;apartamentowiec;parter;1;plastikowe;do wykończenia;;;;pełna własność;;2021;
Mieszkanie, 82,60 m², Rybnik;410 000 ;Rybnik, Zamysłów;https://www.otodom.pl/pl/oferta/mieszkanie-82-60-m-rybnik-ID4ctsM;82,60 m²;3;pierwotny;apartamentowiec;1;1;plastikowe;do wykończenia;;;;pełna własność;;2021;
Jasne mieszkanie z balkonem, 3 pokoje, Śródmieście;235 000 ;Rybnik, Śródmieście;https://www.otodom.pl/pl/oferta/jasne-mieszkanie-z-balkonem-3-pokoje-srodmiescie-ID4crzi;48,08 m²;3;wtórny;blok;9;10;;;;wielka płyta;miejskie;pełna własność;;;
"Willa Wierzbowa; mieszkanie dwupoziomowe z tarasem";710 255 ;Rybnik, Śródmieście, ul. Wierzbowa;https://www.otodom.pl/pl/oferta/willa-wierzbowa-mieszkanie-dwupoziomowe-z-tarasem-ID4cp74;109,27 m²;5;pierwotny;apartamentowiec;1;2;plastikowe;do wykończenia;;pustak;miejskie;pełna własność;;2021;
Gotowe Do Odbioru! 4 Pokoje, Ogródek 80 M2!;435 000 ;Rybnik, śląskie;https://www.otodom.pl/pl/oferta/gotowe-do-odbioru-4-pokoje-ogrodek-80-m2-ID4bbvR;78 m²;4;pierwotny;apartamentowiec;;3;plastikowe;do wykończenia;;inne;miejskie;;;2021;
Kawalerka, 1 piętro, Niewiadom;107 000 ;Rybnik, Niewiadom Dolny;https://www.otodom.pl/pl/oferta/kawalerka-1-pietro-niewiadom-ID4ci6M;30 m²;1;wtórny;blok;1;3;drewniane;do zamieszkania;420 zł;;;spółdzielcze własnościowe;;1;
Dwupoziomowe mieszkanie CENTRUM -lub podział na 2!;355 000 ;Rybnik, Śródmieście;https://www.otodom.pl/pl/oferta/dwupoziomowe-mieszkanie-centrum-lub-podzial-na-2-ID4chDJ;135 m²;5;wtórny;;3;;;;;;miejskie;spółdzielcze własnościowe;;;
1102-SB ** M-4 RYBNIK w niskim bloku **;210 000 ;Rybnik, Piaski;https://www.otodom.pl/pl/oferta/1102-sb-m-4-rybnik-w-niskim-bloku-ID4cfVZ;58,50 m²;3;wtórny;blok;4;4;plastikowe;do zamieszkania;;wielka płyta;miejskie;pełna własność;;1980;
*M3* Rybnik Centrum - Parter - Do Odświeżenia*;266 000 ;Rybnik, śląskie;https://www.otodom.pl/pl/oferta/m3-rybnik-centrum-parter-do-odswiezenia-ID4ceiU;59,08 m²;2;wtórny;blok;parter;4;plastikowe;;600 zł;;miejskie;spółdzielcze własnościowe;;1970;
Rybnik, 2-pokojowa kawalerka + balkon, 0% prowizji;239 272 ;Rybnik, śląskie;https://www.otodom.pl/pl/oferta/rybnik-2-pokojowa-kawalerka-balkon-0-prowizji-ID4cede;37,36 m²;2;pierwotny;apartamentowiec;1;2;plastikowe;do wykończenia;;;gazowe;pełna własność;2022-06-29;;
Rybnik, 2 pokoje + balkon, II piętro, 0% prowizji!;326 529 ;Rybnik, śląskie;https://www.otodom.pl/pl/oferta/rybnik-2-pokoje-balkon-ii-pietro-0-prowizji-ID4cdRe;51,83 m²;2;pierwotny;apartamentowiec;2;2;plastikowe;do wykończenia;;;gazowe;pełna własność;2022-06-29;;
Rybnik, 3-pokojowe mieszkanie z balkonem, 0%!;399 673 ;Rybnik, śląskie;https://www.otodom.pl/pl/oferta/rybnik-3-pokojowe-mieszkanie-z-balkonem-0-ID4cdRd;75,41 m²;3;pierwotny;apartamentowiec;1;1;plastikowe;do wykończenia;;;gazowe;pełna własność;2022-06-30;;
Przestronne mieszkanie w Rybniku z działką;209 000 ;Rybnik, śląskie;https://www.otodom.pl/pl/oferta/przestronne-mieszkanie-w-rybniku-z-dzialka-ID4cdyI;60,32 m²;3;wtórny;blok;1;;;;;;;spółdzielcze własnościowe;;;
Apartamenty Leszczyńskiego w Niedobczycach;369 900 ;Rybnik, Niedobczyce;https://www.otodom.pl/pl/oferta/apartamenty-leszczynskiego-w-niedobczycach-ID4ccL4;69,95 m²;3;pierwotny;blok;1;3;;do wykończenia;200 zł;;gazowe;;;2020;
"Osiedle Panorama III - 4 pokoje; II piętro";492 900 ;Rybnik, Zamysłów;https://www.otodom.pl/pl/oferta/osiedle-panorama-iii-4-pokoje-ii-pietro-ID4bZJf;93,05 m²;4;pierwotny;apartamentowiec;2;2;plastikowe;do wykończenia;;pustak;gazowe;pełna własność;;2019;
M5 z pięknym widokiem na las, balkonem i ogródkiem;479 000 ;Rybnik, Zamysłów;https://www.otodom.pl/pl/oferta/m5-z-pieknym-widokiem-na-las-balkonem-i-ogrodkiem-ID4bZeZ;78 m²;4;pierwotny;apartamentowiec;1;1;plastikowe;do wykończenia;;pustak;gazowe;pełna własność;;2020;
Nowa inwestycja w otoczeniu ciszy i zieleni!;366 000 ;Rybnik, Zamysłów;https://www.otodom.pl/pl/oferta/nowa-inwestycja-w-otoczeniu-ciszy-i-zieleni-ID4bVae;57,27 m²;3;pierwotny;apartamentowiec;parter;1;plastikowe;do wykończenia;;pustak;gazowe;pełna własność;;2020;
Słoneczne mieszkanie w otoczeniu zieleni;331 712 ;Rybnik, Kuźnia Ligocka;https://www.otodom.pl/pl/oferta/sloneczne-mieszkanie-w-otoczeniu-zieleni-ID49UcJ;51,83 m²;2;pierwotny;apartamentowiec;2;2;plastikowe;do wykończenia;;cegła;gazowe;pełna własność;;2021;
Mieszanie ze słonecznym balkonem.;332 864 ;Rybnik, Kuźnia Ligocka;https://www.otodom.pl/pl/oferta/mieszanie-ze-slonecznym-balkonem-ID49Uap;52,01 m²;2;pierwotny;apartamentowiec;1;2;plastikowe;do wykończenia;;cegła;gazowe;pełna własność;;2021;
Sprzedam Apartament Pow. 86M2!Rybnik 540Tyś;540 000 ;Rybnik, śląskie;https://www.otodom.pl/pl/oferta/sprzedam-apartament-pow-86m2-rybnik-540tys-ID4bWNq;86 m²;3;wtórny;apartamentowiec;3;4;;do zamieszkania;200 zł;;;;;2012;
Nowe M3 1 piętro GREG PARK;389 500 ;Rybnik, Smolna, ul. Lektorska;https://www.otodom.pl/pl/oferta/nowe-m3-1-pietro-greg-park-ID48IYF;56,07 m²;3;pierwotny;apartamentowiec;1;2;plastikowe;do wykończenia;220 zł;pustak;gazowe;pełna własność;2022-12-31;2021;
2 Pokoje 37m2 z Tarasem - Apartamenty Chwałowice;218 093 ;Rybnik, Chwałowice, Krupińskiego;https://www.otodom.pl/pl/oferta/2-pokoje-37m2-z-tarasem-apartamenty-chwalowice-ID4avZ3;36,44 m²;2;pierwotny;apartamentowiec;1;5;plastikowe;do wykończenia;;;miejskie;;;;
3 Pokoje 64m2 z Tarasem - Apartamenty Chwałowice;382 585 ;Rybnik, Chwałowice;https://www.otodom.pl/pl/oferta/3-pokoje-64m2-z-tarasem-apartamenty-chwalowice-ID4avYZ;64,30 m²;3;pierwotny;apartamentowiec;3;5;plastikowe;do wykończenia;;;miejskie;;;;
*** Nowe mieszkanie 56,35 m2 z ogrodem, 2 pokoje *;360 640 ;Rybnik, Zamysłów, ul. Zamysłowska;https://www.otodom.pl/pl/oferta/nowe-mieszkanie-56-35-m2-z-ogrodem-2-pokoje-ID45AzH;56,35 m²;2;pierwotny;apartamentowiec;parter;2;plastikowe;do wykończenia;;pustak;gazowe;pełna własność;;2021;
Mieszkanie M4 na Nowinach.;230 000 ;Rybnik, śląskie;https://www.otodom.pl/pl/oferta/mieszkanie-m4-na-nowinach-ID4bDyc;63 m²;3;wtórny;blok;> 10;11;plastikowe;;650 zł;;miejskie;pełna własność;;;
Nowe M4 1piętro z garażem podziemnym Rybnik Smolna;452 500 ;Rybnik, Smolna, ul. Lektorska;https://www.otodom.pl/pl/oferta/nowe-m4-1pietro-z-garazem-podziemnym-rybnik-smolna-ID48IYf;67,03 m²;4;pierwotny;apartamentowiec;1;2;plastikowe;do wykończenia;250 zł;pustak;gazowe;pełna własność;2022-12-31;2021;
2 Pokoje 48m2 z Tarasem - Apartamenty Chwałowice;289 135 ;Rybnik, Chwałowice;https://www.otodom.pl/pl/oferta/2-pokoje-48m2-z-tarasem-apartamenty-chwalowice-ID4avZ6;48,31 m²;2;pierwotny;apartamentowiec;1;5;plastikowe;do wykończenia;;;miejskie;pełna własność;;;
Gotowe Do Odbioru! 2 Pokoje, Balkon!;267 550 ;Rybnik, śląskie;https://www.otodom.pl/pl/oferta/gotowe-do-odbioru-2-pokoje-balkon-ID4bbvS;44,10 m²;2;pierwotny;apartamentowiec;3;3;plastikowe;do wykończenia;;inne;miejskie;;;2021;
Sprzedam Mieszkanie 2-pokoje!Rybnik-Elektrownia!Re;245 000 ;Rybnik, Rybnicka Kuźnia;https://www.otodom.pl/pl/oferta/sprzedam-mieszkanie-2-pokoje-rybnik-elektrownia-re-ID4baRG;47,70 m²;2;wtórny;blok;1;4;plastikowe;do zamieszkania;514 zł;;;pełna własność;;1990;
Przestronne M-3 Rybnik ul. Dąbrówki;230 000 ;Rybnik, Maroko-Nowiny;https://www.otodom.pl/pl/oferta/przestronne-m-3-rybnik-ul-dabrowki-ID4b9eA;53 m²;2;wtórny;blok;5;11;plastikowe;;;;miejskie;pełna własność;;;
Wygodne mieszkanie w ścisłym centrum Rybnika;395 000 ;Rybnik, Śródmieście, ul. Stanisława Staszica;https://www.otodom.pl/pl/oferta/wygodne-mieszkanie-w-scislym-centrum-rybnika-ID4b37E;87 m²;3;wtórny;apartamentowiec;1;2;plastikowe;do zamieszkania;;pustak;gazowe;pełna własność;;2000;
3 Pokoje 88m2 z Tarasem - Apartamenty Chwałowice;497 596 ;Rybnik, Chwałowice, Krupińskiego;https://www.otodom.pl/pl/oferta/3-pokoje-88m2-z-tarasem-apartamenty-chwalowice-ID4avYO;88,07 m²;3;pierwotny;apartamentowiec;3;5;plastikowe;do wykończenia;;;miejskie;;;;
Ostatni Wolny Apartament!!!;449 000 ;Rybnik, śląskie;https://www.otodom.pl/pl/oferta/ostatni-wolny-apartament-ID4aZWi;113 m²;5;wtórny;apartamentowiec;1;2;;;;;;;;2020;
2 Pokoje 67m2 z Tarasem - Apartamenty Chwałowice;389 201 ;Rybnik, Chwałowice;https://www.otodom.pl/pl/oferta/2-pokoje-67m2-z-tarasem-apartamenty-chwalowice-ID4avYT;66,53 m²;2;pierwotny;apartamentowiec;2;5;plastikowe;do wykończenia;;;miejskie;;;;
Nowa kawalerka w otoczeniu zieleni!!;241 800 ;Rybnik, Kuźnia Ligocka;https://www.otodom.pl/pl/oferta/nowa-kawalerka-w-otoczeniu-zieleni-ID49UeE;37,20 m²;2;pierwotny;apartamentowiec;2;2;plastikowe;do wykończenia;;cegła;gazowe;pełna własność;;2021;
Mieszkanie bezczynszowe z garażem Rybnik NOWA CENA;480 000 ;Rybnik, Ligota;https://www.otodom.pl/pl/oferta/mieszkanie-bezczynszowe-z-garazem-rybnik-nowa-cena-ID4a3WC;119,97 m²;3;wtórny;apartamentowiec;parter;2;;do zamieszkania;253 zł;;gazowe;pełna własność;;2010;
Rybnik 3 pokoje + ogródek 80m2!;381 600 ;Rybnik, Piaski;https://www.otodom.pl/pl/oferta/rybnik-3-pokoje-ogrodek-80m2-ID4a2Fd;60 m²;3;pierwotny;apartamentowiec;parter;3;plastikowe;do wykończenia;;inne;gazowe;pełna własność;2021-11-29;2020;
Twoja nowa kawalerka w kameralnym otoczeniu.;242 840 ;Rybnik, Kuźnia Ligocka;https://www.otodom.pl/pl/oferta/twoja-nowa-kawalerka-w-kameralnym-otoczeniu-ID49UbH;37,36 m²;2;pierwotny;apartamentowiec;1;2;plastikowe;do wykończenia;;cegła;gazowe;pełna własność;;2021;
M3 Rybnik, Boguszowice, ogrzewanie gazowe;149 000 ;Rybnik, Boguszowice;https://www.otodom.pl/pl/oferta/m3-rybnik-boguszowice-ogrzewanie-gazowe-ID49Rt8;38 m²;2;wtórny;blok;3;4;;;;;gazowe;pełna własność;;;
Apartamenty wysoki standard poniżej 5000 zł za m2;299 900 ;Rybnik, Boguszowice;https://www.otodom.pl/pl/oferta/apartamenty-wysoki-standard-ponizej-5000-zl-za-m2-ID49QJi;61 m²;3;pierwotny;apartamentowiec;;3;plastikowe;;;pustak;gazowe;pełna własność;;2020;
Duże mieszkanie z balkonem, 3 pokoje, Sztolniowa;220 000 ;Rybnik, Boguszowice;https://www.otodom.pl/pl/oferta/duze-mieszkanie-z-balkonem-3-pokoje-sztolniowa-ID49MTK;62,30 m²;3;wtórny;blok;parter;4;;;;wielka płyta;miejskie;pełna własność;;;
Piękną przestrzeń, 2 sypialnie, miejsce do pracy;Zapytaj o ce;Rybnik, Meksyk, ul. Parkowa 2;https://www.otodom.pl/pl/oferta/piekna-przestrzen-2-sypialnie-miejsce-do-pracy-ID49Bab;73 m²;3;pierwotny;blok;2;3;plastikowe;do wykończenia;;;miejskie;pełna własność;;2020;Tak
Nowe M3 z balkonem. Śródmieście;296 100 ;Rybnik, Śródmieście;https://www.otodom.pl/pl/oferta/nowe-m3-z-balkonem-srodmiescie-ID49z6Q;43,40 m²;2;pierwotny;apartamentowiec;1;1;plastikowe;do wykończenia;;beton komórkowy;gazowe;pełna własność;;2021;
Ustawne M-4 Rybnik - Nowiny NOWA CENA;269 000 ;Rybnik, Maroko-Nowiny, ul. Floriańska;https://www.otodom.pl/pl/oferta/ustawne-m-4-rybnik-nowiny-nowa-cena-ID49toS;61,10 m²;3;wtórny;blok;5;10;plastikowe;do zamieszkania;;beton;miejskie;;;;
Apartament Centrum miasta;399 000 ;Rybnik, śląskie;https://www.otodom.pl/pl/oferta/apartament-centrum-miasta-ID49dgv;66,80 m²;3;wtórny;apartamentowiec;parter;1;plastikowe;do wykończenia;;beton komórkowy;gazowe;pełna własność;;2020;
Mieszkanie M-5 75,7 m2 R-k Paruszowiec nowe budown;419 750 ;Rybnik, Paruszowiec;https://www.otodom.pl/pl/oferta/mieszkanie-m-575-7-m2-r-k-paruszowiec-nowe-budown-ID48BT5;77,17 m²;4;pierwotny;apartamentowiec;1;3;plastikowe;do wykończenia;;;;pełna własność;;2021;
Cztery Mosty - Twój Nowy Adres!;345 400 ;Rybnik, śląskie;https://www.otodom.pl/pl/oferta/cztery-mosty-twoj-nowy-adres-ID48bRa;56,34 m²;2;pierwotny;apartamentowiec;parter;2;plastikowe;do wykończenia;;;;pełna własność;;;
Cztery Mosty - Twój Nowy Adres!;199 900 ;Rybnik, śląskie;https://www.otodom.pl/pl/oferta/cztery-mosty-twoj-nowy-adres-ID48bAa;31,15 m²;1;pierwotny;apartamentowiec;1;2;plastikowe;do wykończenia;;;;pełna własność;;;
Mieszkanie, 69,95 m², Rybnik;369 900 ;Rybnik, Niedobczyce;https://www.otodom.pl/pl/oferta/mieszkanie-69-95-m-rybnik-ID487jv;69,95 m²;3;pierwotny;apartamentowiec;1;;plastikowe;do wykończenia;;;;pełna własność;;;
M-6, 113,46 m2, nowe budownictwo, R-k Popielów.;449 000 ;Rybnik, Popielów;https://www.otodom.pl/pl/oferta/m-6-113-46-m2-nowe-budownictwo-r-k-popielow-ID47X91;113,46 m²;5;wtórny;apartamentowiec;1;2;plastikowe;do wykończenia;;;;pełna własność;;2021;
Mieszkanie M-4 77,54 m2 R-k Gotartowice;378 000 ;Rybnik, Gotartowice;https://www.otodom.pl/pl/oferta/mieszkanie-m-4-77-54-m2-r-k-gotartowice-ID47MbL;77,54 m²;3;pierwotny;apartamentowiec;1;2;plastikowe;;;;;;;2021;
**Kawalerka w Centrum*Św.Józefa*Balkon*Na Gotowo**;179 900 ;Rybnik, śląskie;https://www.otodom.pl/pl/oferta/kawalerka-w-centrumsw-jozefabalkonna-gotowo-ID47iWE;30 m²;1;wtórny;blok;10;;;;;;;;;;
Bezczynszowe M-3 z balkonem - Śródmieście;289 100 ;Rybnik, Śródmieście;https://www.otodom.pl/pl/oferta/bezczynszowe-m-3-z-balkonem-srodmiescie-ID470mv;43,40 m²;2;pierwotny;apartamentowiec;1;2;plastikowe;do wykończenia;;;;pełna własność;;2020;
***Duże mieszkanie w ścisłym centrum***;265 000 ;Rybnik, Śródmieście;https://www.otodom.pl/pl/oferta/duze-mieszkanie-w-scislym-centrum-ID46WyL;97 m²;3;wtórny;dom wolnostojący;parter;;drewniane;do remontu;;;kotłownia;pełna własność;;;
Cztery Mosty - Twój Nowy Adres!;398 800 ;Rybnik, śląskie;https://www.otodom.pl/pl/oferta/cztery-mosty-twoj-nowy-adres-ID46FGs;70,94 m²;3;pierwotny;apartamentowiec;2;2;plastikowe;do wykończenia;;;;pełna własność;;;
4 pokoje, duży taras, Gotartowice;405 000 ;Rybnik, Gotartowice;https://www.otodom.pl/pl/oferta/4-pokoje-duzy-taras-gotartowice-ID45JTd;68,66 m²;4;pierwotny;apartamentowiec;1;2;plastikowe;do wykończenia;;;;pełna własność;;2020;
NOWE duże 74 m2 w z widokiem na park Hajda, 3 pok.;Zapytaj o ce;Rybnik, Meksyk, ul. Parkowa 2;https://www.otodom.pl/pl/oferta/nowe-duze-74-m2-w-z-widokiem-na-park-hajda-3-pok-ID451ZG;73,50 m²;3;pierwotny;blok;3;3;plastikowe;do wykończenia;;beton komórkowy;miejskie;pełna własność;2020-03-07;2020;
Nowoczesny apartament z tarasem, Zamysłów;549 000 ;Rybnik, Zamysłów;https://www.otodom.pl/pl/oferta/nowoczesny-apartament-z-tarasem-zamyslow-ID44zhO;81 m²;3;wtórny;apartamentowiec;parter;1;plastikowe;do zamieszkania;;;;pełna własność;;2018;
Na sprzedaż wykończone M-3 Rybnik Śródmieście;380 000 ;Rybnik, Śródmieście;https://www.otodom.pl/pl/oferta/na-sprzedaz-wykonczone-m-3-rybnik-srodmiescie-ID44eR9;55 m²;2;wtórny;;parter;2;plastikowe;do zamieszkania;100 zł;;;pełna własność;;2016;
Nowy apartament, 4 pokoje, 1 piętro, duży balkon;388 000 ;Rybnik, Maroko-Nowiny;https://www.otodom.pl/pl/oferta/nowy-apartament-4-pokoje-1-pietro-duzy-balkon-ID41lvO;75,13 m²;4;pierwotny;apartamentowiec;1;2;plastikowe;do wykończenia;;;;;;2020;
Duże, komfortowe mieszkanie w centrum miasta.;480 000 ;Rybnik, śląskie;https://www.otodom.pl/pl/oferta/duze-komfortowe-mieszkanie-w-centrum-miasta-ID406cQ;150 m²;5;wtórny;kamienica;parter;2;plastikowe;;;;gazowe;pełna własność;;;
M-5, 75 m2 Rybnik Zamysłów - nowe budownictwo!;389 000 ;Rybnik, Smolna;https://www.otodom.pl/pl/oferta/m-5-75-m2-rybnik-zamyslow-nowe-budownictwo-ID3VeA0;74,11 m²;4;pierwotny;apartamentowiec;2;2;plastikowe;;;;;pełna własność;;2020;
NOWA OFERTA - 4 pokoje, duży balkon -Rybnik Smolna;388 000 ;ul. Raciborska, Rybnik, śląskie;https://www.otodom.pl/pl/oferta/nowa-oferta-4-pokoje-duzy-balkon-rybnik-smolna-ID3T6GM;74,11 m²;4;pierwotny;apartamentowiec;2;2;plastikowe;do wykończenia;;silikat;gazowe;pełna własność;;2020;
Przestronny apartament 138 m2 Rybnik Raciborska.;320 000 ;Rybnik, Niewiadom Dolny;https://www.otodom.pl/pl/oferta/przestronny-apartament-138-m2-rybnik-raciborska-ID3JJy8;138 m²;4;wtórny;apartamentowiec;3;3;plastikowe;do zamieszkania;799 zł;;;pełna własność;;;
